Sample Name,Substrate,Gas,Temperature,Type,Index,Average,Ra,RMS,Skew,Kurtosis
W6821-1C,XG,Vakuum,500,Topography,1,4.496645527490139e-09,1.1239219837578467e-09,1.4872983777274353e-09,1.0245958818796572,1.2129176302172056
W6821-1C,XG,Vakuum,500,Topography,2,4.499085907267725e-09,1.1481658671328447e-09,1.5106522821470664e-09,1.0318899750673909,1.0887434823820001
W6821-1C,XG,Vakuum,500,Topography,3,3.302773922417954e-09,8.499057057017036e-10,1.1217534383326518e-09,1.3610528669321569,9.893316217277647
W6821-1C,XG,Vakuum,500,Topography,4,3.5938437228579935e-09,8.58990351088961e-10,1.1336023828855411e-09,1.4491716812537971,10.290151225120656
W6822-1C,XG,Vakuum,500,Topography,1,5.615464769545735e-09,1.8310217467055974e-09,2.281935127215634e-09,0.6809814547721442,0.38983584378978886
W6822-1C,XG,Vakuum,500,Topography,2,5.4827429831979965e-09,1.829867421629745e-09,2.2818054623392035e-09,0.6660334661129522,0.3720239997872197
W6822-1C,XG,Vakuum,500,Topography,3,5.90766786847724e-09,1.6128075993450878e-09,2.0323648744616875e-09,0.7546995600995168,0.721554207241256
W6822-1C,XG,Vakuum,500,Topography,4,5.94827767934575e-09,1.6096612693100074e-09,2.0272374989772377e-09,0.7429459908078785,0.7033716126949359
W6823-1C,XG,Vakuum,500,Topography,1,2.118432919245139e-09,4.30618334729577e-10,5.769299899650114e-10,1.164978751821842,2.3511873667766103
W6823-1C,XG,Vakuum,500,Topography,2,1.5522852185561815e-09,4.3348594869274767e-10,5.766552461793449e-10,1.1613441365025683,2.2123914997937977
W6823-1C,XG,Vakuum,500,Topography,3,2.557351159196821e-09,4.383423424091733e-10,5.978332239166574e-10,1.252230945329355,2.3910523623631565
W6823-1C,XG,Vakuum,500,Topography,4,2.758882368860415e-09,4.4181185055467477e-10,5.943689795605748e-10,1.1842158916159091,1.9624135966402383
W6824-1C,XG,Vakuum,500,Topography,1,7.580737386810341e-09,1.5095176647607525e-09,1.940991717481175e-09,0.5075354102418665,1.0618885550034873
W6824-1C,XG,Vakuum,500,Topography,2,8.027292762962805e-09,1.5037087994486254e-09,1.9357673638140194e-09,0.5202476596156584,1.1039432916336818
W6824-1C,XG,Vakuum,500,Topography,3,4.2201150045188366e-09,1.0758149485698272e-09,1.361495287487273e-09,0.43645086131993704,0.4188093170147833
W6824-1C,XG,Vakuum,500,Topography,4,3.90595658421985e-09,1.0539110858529493e-09,1.3350192739291477e-09,0.43135060766783045,0.3887918476274357
W6821-1C,XG,Vakuum,600,Topography,1,1.183146912730144e-08,3.92041012493095e-09,5.087298008029353e-09,1.197072979313801,1.8109662865591813
W6821-1C,XG,Vakuum,600,Topography,2,1.180297583726631e-08,3.932609319522906e-09,5.093808648157626e-09,1.1816388746234872,1.7574858226080528
W6821-1C,XG,Vakuum,600,Topography,3,1.2003433601439328e-08,4.109226226812211e-09,5.2907720835065366e-09,1.1848823992187336,1.6033376344913561
W6821-1C,XG,Vakuum,600,Topography,4,1.2838461885308684e-08,4.122057127178821e-09,5.312822595789952e-09,1.18749116759953,1.623260084011931
W6822-1C,XG,Vakuum,600,Topography,1,1.0829529687927361e-08,3.949169589503844e-09,4.9698206081148965e-09,0.9772163279820083,2.1042521711642648
W6822-1C,XG,Vakuum,600,Topography,2,1.0884055326372951e-08,3.952530365638105e-09,4.976312551486074e-09,0.9770285398386828,2.135278228344906
W6822-1C,XG,Vakuum,600,Topography,3,1.3729568411336834e-08,4.172453549669191e-09,5.2423693259190636e-09,0.8616277433665913,0.8735801599228306
W6822-1C,XG,Vakuum,600,Topography,4,1.408670008805971e-08,4.178828543522663e-09,5.250759013048266e-09,0.8559775976133198,0.8515917627233471
W6823-1C,XG,Vakuum,600,Topography,1,2.0551746894476887e-09,5.142630863114906e-10,7.481622470074656e-10,2.6617699160865866,20.041905475825285
W6823-1C,XG,Vakuum,600,Topography,2,2.21605890397877e-09,5.21476466951441e-10,7.656425636834434e-10,2.8079915915964215,21.785574855452467
W6823-1C,XG,Vakuum,600,Topography,3,2.692483951267593e-09,6.827157906558542e-10,1.0573728296838493e-09,3.081487837583685,18.395739547509546
W6823-1C,XG,Vakuum,600,Topography,4,2.4760909850725152e-09,6.889779640118068e-10,1.0641830579954977e-09,3.067140089373852,18.15337293793597
W6824-1C,XG,Vakuum,600,Topography,1,1.4155212006224995e-08,4.487114650522021e-09,6.740724359392965e-09,2.7459918289016096,13.098106887020112
W6824-1C,XG,Vakuum,600,Topography,2,1.6768453600775638e-08,4.495524502806786e-09,6.750854771676529e-09,2.7352768962198337,13.00633966345772
W6824-1C,XG,Vakuum,600,Topography,3,1.4048297034660401e-08,4.091613038290123e-09,6.345972773896077e-09,2.845919800246892,13.04085319471924
W6824-1C,XG,Vakuum,600,Topography,4,1.2885033398825731e-08,4.102232101917675e-09,6.359524466140596e-09,2.8416692096695257,12.987762468632502
W6821-1C,XG,Vakuum,700,Topography,1,1.2080092861395202e-08,3.234680915065015e-09,4.491389987028088e-09,1.6319821200148785,3.84718655479549
W6821-1C,XG,Vakuum,700,Topography,2,1.1727913233838484e-08,3.2561682196952367e-09,4.517004306104054e-09,1.631377307890787,3.8322516988882063
W6821-1C,XG,Vakuum,700,Topography,3,1.2889155845920385e-08,4.1577868765690105e-09,5.8032962298119615e-09,1.7384223293067924,4.09624253231234
W6821-1C,XG,Vakuum,700,Topography,4,1.423149822451091e-08,4.1701425522678706e-09,5.827534770254084e-09,1.7659724107721149,4.336168867014748
W6822-1C,XG,Vakuum,700,Topography,1,1.7980972013704776e-08,7.011823274965369e-09,8.956129516630917e-09,1.3272267042988228,2.373950648446951
W6822-1C,XG,Vakuum,700,Topography,2,1.9740184280795425e-08,7.0189718469521215e-09,8.970775687478282e-09,1.3276559577793243,2.3781622170198427
W6822-1C,XG,Vakuum,700,Topography,3,1.8644051704579152e-08,6.999096645813182e-09,8.928946411810153e-09,1.4091213318681257,2.580933456900543
W6822-1C,XG,Vakuum,700,Topography,4,1.810025582791643e-08,7.012181329287085e-09,8.928794369079463e-09,1.3925006335847951,2.4759348929878264
W6823-1C,XG,Vakuum,700,Topography,1,2.5708314856262727e-09,6.046851060974895e-10,8.47705446378502e-10,1.6856441752246825,5.838694657346766
W6823-1C,XG,Vakuum,700,Topography,2,2.428785480426109e-09,6.21191238677556e-10,8.656103947344364e-10,1.7524246516924604,6.026210609511892
W6823-1C,XG,Vakuum,700,Topography,3,1.9202044171085024e-09,5.854522669972234e-10,8.181838649415439e-10,1.7431810740586573,5.438296478691116
W6823-1C,XG,Vakuum,700,Topography,4,2.316730248090653e-09,5.999056814712762e-10,8.413013174182449e-10,1.8412067567555175,5.74312080288939
W6824-1C,XG,Vakuum,700,Topography,1,2.2562965579171947e-08,8.01591843474697e-09,1.0403452517344746e-08,1.3422149610464698,2.2935043854623958
W6824-1C,XG,Vakuum,700,Topography,2,2.238722307961828e-08,8.03146508387826e-09,1.0421223355205372e-08,1.3380233323515698,2.2676864079478296
W6824-1C,XG,Vakuum,700,Topography,3,2.518702576177073e-08,6.088475427453272e-09,8.20175894209021e-09,1.5521243659553305,3.175720606913318
W6824-1C,XG,Vakuum,700,Topography,4,1.9011010243866914e-08,6.1250882792356055e-09,8.244339005867498e-09,1.550970039528137,3.145960859033651
W6821-1C,XG,Vakuum,750,Topography,1,3.383578354652468e-08,5.342240599301932e-09,8.085539674231953e-09,1.867769403243398,5.700829447416682
W6821-1C,XG,Vakuum,750,Topography,2,3.492065514574032e-08,5.333624465314824e-09,8.07222693445451e-09,1.85755236001193,5.654807324073779
W6821-1C,XG,Vakuum,750,Topography,3,3.428024413075612e-08,5.600997857691141e-09,8.43671208428939e-09,1.9084173517422327,5.2462785606402225
W6821-1C,XG,Vakuum,750,Topography,4,3.40785575252123e-08,5.591061557573244e-09,8.421603693756001e-09,1.9017795218617688,5.207955830003231
W6822-1C,XG,Vakuum,750,Topography,1,5.311252510067223e-08,1.4271770587711729e-08,1.7609865270486158e-08,0.9435812549875987,0.518635913137
W6822-1C,XG,Vakuum,750,Topography,2,4.9614044294144034e-08,1.423390633661718e-08,1.7567391088675383e-08,0.9465773779821098,0.5175099314845713
W6822-1C,XG,Vakuum,750,Topography,3,4.9030168307460734e-08,1.3388865501666097e-08,1.6760567772781485e-08,1.0214046304594184,0.7069708827004852
W6822-1C,XG,Vakuum,750,Topography,4,4.945015644567902e-08,1.3376765262345682e-08,1.6765769392894024e-08,1.0276655636285135,0.7284930624056232
W6824-1C,XG,Vakuum,750,Topography,1,5.0857830329927436e-08,1.2495157247875033e-08,1.5218556130798864e-08,0.7892903906711748,0.20642236750609655
W6824-1C,XG,Vakuum,750,Topography,2,4.98836598797011e-08,1.2469561076755498e-08,1.5190253138526905e-08,0.7850788373955956,0.18313925674930376
W6824-1C,XG,Vakuum,750,Topography,3,4.838387377317063e-08,1.2427346770714523e-08,1.5125335627058007e-08,0.8091138522883755,0.1024734458701535
W6824-1C,XG,Vakuum,750,Topography,4,4.7846565755713923e-08,1.2444405487580555e-08,1.5143379566139164e-08,0.8062502303526535,0.10107975401642522
W6821-1C,XG,Vakuum,pre,Topography,1,3.04974603177396e-08,1.2613691450729092e-08,1.4975710827305998e-08,0.6217796194645347,-0.5652034890918469
W6821-1C,XG,Vakuum,pre,Topography,2,3.149141268149945e-08,1.2565327046683179e-08,1.4926842301151415e-08,0.6274050764570082,-0.5491162889212022
W6821-1C,XG,Vakuum,pre,Topography,3,2.6973107362229776e-08,1.14688452375373e-08,1.3586887697942688e-08,0.5982370840311444,-0.6377163425016201
W6821-1C,XG,Vakuum,pre,Topography,4,2.7057649409702674e-08,1.1451725270987496e-08,1.3571203379624475e-08,0.6000051204586555,-0.6322742805630237
W6822-1C,XG,Vakuum,pre,Topography,1,9.490038218379728e-09,3.611020674057588e-09,4.623647593720336e-09,0.9977930075267609,0.5501859459924012
W6822-1C,XG,Vakuum,pre,Topography,2,9.388622730422192e-09,3.600810182366132e-09,4.605267483009013e-09,0.9867506799202332,0.5201078862029136
W6822-1C,XG,Vakuum,pre,Topography,3,1.0689915075291172e-08,3.608394140423086e-09,4.794518181686091e-09,1.203124855156536,1.3800856277629956
W6822-1C,XG,Vakuum,pre,Topography,4,1.0865843594692406e-08,3.6572825333717428e-09,4.834593200266278e-09,1.1824009895254106,1.2818809801762283
W6823-1C,XG,Vakuum,pre,Topography,1,1.0033353576912596e-08,2.5036649408508914e-09,3.438388994234202e-09,0.6390101512383239,3.977469086382462
W6823-1C,XG,Vakuum,pre,Topography,2,9.974318458585043e-09,2.4969197165457278e-09,3.4211375448504033e-09,0.6941052280777559,4.12324078802164
W6823-1C,XG,Vakuum,pre,Topography,3,1.6440445533198373e-08,2.057241789518342e-09,3.2721221448445413e-09,0.1269528338693627,4.728248149441681
W6823-1C,XG,Vakuum,pre,Topography,4,1.581562171378332e-08,2.0542679797585752e-09,3.2447637655813446e-09,0.19032541382141022,4.476765508633966
W6824-1C,XG,Vakuum,pre,Topography,1,1.0174726507097202e-08,4.35606680589185e-09,5.2632505023057256e-09,0.8934094589886312,-0.0022427599483432203
W6824-1C,XG,Vakuum,pre,Topography,2,1.0099426603630433e-08,4.355676008063288e-09,5.2639798083409164e-09,0.8954023363539066,0.003270204703958335
W6824-1C,XG,Vakuum,pre,Topography,3,9.683549650536674e-09,3.5038937088501265e-09,4.393438573987177e-09,0.835010814299533,0.20357268844217824
W6824-1C,XG,Vakuum,pre,Topography,4,9.726065324345957e-09,3.5005142949152725e-09,4.392191253176012e-09,0.8408118286070382,0.21342404498571188
W6821-1C,XG,Vakuum,800,Topography,1,2.836782646743205e-08,3.1670687761958185e-09,5.0244436650953174e-09,2.934931065595931,18.24613219363006
W6821-1C,XG,Vakuum,800,Topography,2,2.6013767088658666e-08,3.229947995172649e-09,5.22606040818876e-09,3.2107770150369594,20.831187851634862
W6821-1C,XG,Vakuum,800,Topography,3,2.4706687513180817e-08,4.013975772754046e-09,6.819766349940617e-09,3.363562752157726,17.532285592733555
W6821-1C,XG,Vakuum,800,Topography,4,2.5053286844733932e-08,4.034380675277778e-09,6.8880031719143566e-09,3.3881706600024293,17.65499306802965
W6822-1C,XG,Vakuum,800,Topography,1,5.600038293405014e-08,8.043442485476844e-09,1.2233715720326052e-08,1.9007779719704014,8.986393144909753
W6822-1C,XG,Vakuum,800,Topography,2,5.7086879559032684e-08,7.940717839879812e-09,1.2066550716036437e-08,1.8380114575442277,9.0123272560557
W6822-1C,XG,Vakuum,800,Topography,3,4.8707193038272257e-08,7.2728894670859345e-09,1.098799814313703e-08,1.7011010025603999,8.178761473896287
W6822-1C,XG,Vakuum,800,Topography,4,4.339975731873545e-08,7.174167140706552e-09,1.0763173652311019e-08,1.56214531552492,7.150577541828145
W6824-1C,XG,Vakuum,800,Topography,1,4.6687897893664286e-08,5.856184760436228e-09,9.847857800546673e-09,3.2961030950295576,31.146131225790583
W6824-1C,XG,Vakuum,800,Topography,2,5.140970349251095e-08,5.822695061935197e-09,9.724194770319429e-09,3.153457315325308,29.255884164363465
W6824-1C,XG,Vakuum,800,Topography,3,2.7221731042705172e-08,4.562414939835844e-09,7.352876415196665e-09,3.868772736243822,32.34056131526179
W6824-1C,XG,Vakuum,800,Topography,4,2.8637959160108998e-08,4.52781701710371e-09,7.345009116360811e-09,4.1242532296964045,37.03340121834829
W6821-1C,XG,Vakuum,875,Topography,1,2.1284867577767707e-08,6.168802403581617e-09,9.245417940847775e-09,2.4926862432465406,9.731224651914543
W6821-1C,XG,Vakuum,875,Topography,2,2.615676311114279e-08,6.62156859140618e-09,9.998832714050176e-09,2.5655285369791243,11.14563006852237
W6821-1C,XG,Vakuum,875,Topography,3,2.3447119309976236e-08,5.513615422174631e-09,8.77170380885738e-09,2.9360032040139106,13.58268876652032
W6821-1C,XG,Vakuum,875,Topography,4,3.319410815600032e-08,5.738290699509497e-09,8.984982918043628e-09,2.62187099207358,11.524273776272853
W6822-1C,XG,Vakuum,875,Topography,1,4.4977653619263603e-08,7.710837238560336e-09,9.923794612114134e-09,0.10894893738988676,0.6934078578858927
W6822-1C,XG,Vakuum,875,Topography,2,4.536741209343363e-08,7.715951761579173e-09,9.929783282877921e-09,0.1086911770158502,0.6251640768970712
W6822-1C,XG,Vakuum,875,Topography,3,5.047672085323889e-08,7.312344523176252e-09,9.486624930045998e-09,-0.14467883313308907,0.7155918525449452
W6822-1C,XG,Vakuum,875,Topography,4,5.087115481212896e-08,7.3181417160081165e-09,9.486004547609139e-09,-0.1515241658834602,0.695034556994512
W6821-1B,XG,Sauerstoff,600,Topography,1,7.352050491597389e-09,2.8674252746121967e-09,4.278717924049854e-09,2.529591187492354,8.566543376498563
W6821-1B,XG,Sauerstoff,600,Topography,2,9.389236065448604e-09,2.877552775997094e-09,4.2911352566173716e-09,2.529924351452549,8.585042851733483
W6821-1B,XG,Sauerstoff,600,Topography,3,7.850952144519532e-09,2.769834852761257e-09,4.176021370564001e-09,2.5722982487651778,8.997258253570205
W6821-1B,XG,Sauerstoff,600,Topography,4,7.014619718979437e-09,2.7790157826435088e-09,4.182858306807139e-09,2.5677333000003952,8.977371707612294
W6822-1B,XG,Sauerstoff,600,Topography,1,1.4118319030483131e-08,4.042383013736299e-09,4.924518146519712e-09,0.2783938527987652,-0.37738156021036984
W6822-1B,XG,Sauerstoff,600,Topography,2,1.3576005119232611e-08,4.064402027134322e-09,4.9525578553672e-09,0.27568501222061376,-0.37671104686302437
W6822-1B,XG,Sauerstoff,600,Topography,3,1.346740086097199e-08,4.426151302101419e-09,5.379989445074397e-09,0.2948626026411367,-0.33664170525518333
W6822-1B,XG,Sauerstoff,600,Topography,4,1.3281431592318316e-08,4.425500957808221e-09,5.376622751826274e-09,0.2883347258378217,-0.3431110120336367
W6823-1B,XG,Sauerstoff,600,Topography,1,1.758845432916736e-08,2.203197224331306e-09,2.8748540614340075e-09,-0.3582871322125689,1.150724736374225
W6823-1B,XG,Sauerstoff,600,Topography,2,1.9026549502633114e-08,2.195589294292188e-09,2.86379395011636e-09,-0.3452835064340552,1.165704372963182
W6823-1B,XG,Sauerstoff,600,Topography,3,1.7954621098613375e-08,2.1181065370508e-09,2.7250428002062786e-09,-0.18579444975927162,0.7538909606937545
W6823-1B,XG,Sauerstoff,600,Topography,4,1.5534498824336288e-08,2.1095841717521698e-09,2.712348829844649e-09,-0.14730305913656622,0.79105576214983
W6824-1B,XG,Sauerstoff,600,Topography,1,1.8567630653523862e-08,5.1992018559318575e-09,6.3712536902792425e-09,-0.12374865173509729,-0.47104661330219066
W6824-1B,XG,Sauerstoff,600,Topography,2,1.822123984635142e-08,5.211152874361802e-09,6.38677275668991e-09,-0.13273254837955523,-0.4583371929390987
W6824-1B,XG,Sauerstoff,600,Topography,3,2.2973019200847764e-08,5.848161853846435e-09,7.263928208807835e-09,-0.1230688437707671,-0.20707990310600266
W6824-1B,XG,Sauerstoff,600,Topography,4,2.3532251343850602e-08,5.862094343282733e-09,7.286159589908613e-09,-0.14051236445270127,-0.19607883867665965
W6821-1B,XG,Sauerstoff,700,Topography,1,1.60960529469796e-08,2.1066575408769976e-09,3.343138690880733e-09,3.1010901924095915,21.0281823004942
W6821-1B,XG,Sauerstoff,700,Topography,2,1.7324286565688865e-08,2.1053162508561766e-09,3.317767410120382e-09,2.919373115543524,17.988678204758685
W6821-1B,XG,Sauerstoff,700,Topography,3,2.1293688715139665e-08,2.417794314188719e-09,3.875662524668152e-09,3.0197023523808357,20.339016825804748
W6821-1B,XG,Sauerstoff,700,Topography,4,2.4259905609760437e-08,2.433875532982951e-09,3.892912784537362e-09,2.9929702360371033,19.954215965600866
W6822-1B,XG,Sauerstoff,700,Topography,1,1.9880922053973978e-08,7.917307788758881e-09,9.63589731453905e-09,0.8777021000651759,0.20108447528443563
W6822-1B,XG,Sauerstoff,700,Topography,2,1.9948710343497766e-08,7.911544161927835e-09,9.631062443306393e-09,0.8832296373676931,0.2118512623664146
W6822-1B,XG,Sauerstoff,700,Topography,3,1.8962182038431694e-08,7.73422468799337e-09,9.746141583897739e-09,1.2132791771227507,1.4151313768064213
W6822-1B,XG,Sauerstoff,700,Topography,4,2.00532293978275e-08,7.730823401127872e-09,9.748299503746872e-09,1.2155307946036815,1.424761496232521
W6823-1B,XG,Sauerstoff,700,Topography,1,2.9464007235550053e-08,3.1600249524601195e-09,4.2712020777783195e-09,-0.838703401043873,2.4954960348115964
W6823-1B,XG,Sauerstoff,700,Topography,2,3.096578683717806e-08,3.1427604390758473e-09,4.258029634681868e-09,-0.8549189181378066,2.696619194787748
W6823-1B,XG,Sauerstoff,700,Topography,3,2.584925847679948e-08,3.209443755965607e-09,4.308502988574313e-09,-0.40915798144500337,2.0486405619488846
W6823-1B,XG,Sauerstoff,700,Topography,4,3.0040966366534304e-08,3.1986999631111263e-09,4.298617960515117e-09,-0.3937212021110989,2.129617165859564
W6824-1B,XG,Sauerstoff,700,Topography,1,2.1930504148668186e-08,7.550570680509083e-09,9.25183787037158e-09,0.03833309868150847,-0.5317345891702021
W6824-1B,XG,Sauerstoff,700,Topography,2,2.364952300325301e-08,7.559648878981657e-09,9.264552460340659e-09,0.03525840246093191,-0.5325291395888754
W6824-1B,XG,Sauerstoff,700,Topography,3,2.2109927575867622e-08,7.166704384438766e-09,8.622638804864912e-09,0.16090701899280155,-0.6241922527405559
W6824-1B,XG,Sauerstoff,700,Topography,4,2.2889607878180022e-08,7.162049220706726e-09,8.621824635885995e-09,0.16149124793903236,-0.6204469734775175
W6821-1B,XG,Sauerstoff,750,Topography,1,3.5841439607376186e-08,2.8188353650284807e-09,4.025458161172272e-09,-0.7481031541157713,5.8771375925351315
W6821-1B,XG,Sauerstoff,750,Topography,2,3.662720677162037e-08,2.831801525589468e-09,4.03860580424445e-09,-0.7454552593841929,5.859959802416492
W6821-1B,XG,Sauerstoff,750,Topography,3,3.968362658613616e-08,2.489204399382227e-09,3.560414436284206e-09,-1.0182566686076264,6.936242275122497
W6821-1B,XG,Sauerstoff,750,Topography,4,4.088962817385028e-08,2.5002944945319267e-09,3.582730266961342e-09,-1.0020003918824256,7.081671196430307
W6822-1B,XG,Sauerstoff,750,Topography,1,2.8931549394301575e-08,9.113614209805436e-09,1.1679390437004353e-08,1.350554046546321,1.6596694799070102
W6822-1B,XG,Sauerstoff,750,Topography,2,2.6627567435217055e-08,9.08105549624729e-09,1.1642763857252254e-08,1.3531045133209434,1.685190309001082
W6822-1B,XG,Sauerstoff,750,Topography,3,2.5427113963725146e-08,9.232700581110644e-09,1.1488016550745762e-08,1.1278578347211343,0.792274169167781
W6822-1B,XG,Sauerstoff,750,Topography,4,2.5758798842651763e-08,9.20022015421688e-09,1.1461017393434518e-08,1.1319938894698902,0.8140176408938538
W6823-1B,XG,Sauerstoff,750,Topography,1,5.5898816741841994e-08,4.9088064860681235e-09,6.752855627213953e-09,-1.0357111018336624,4.386575481942243
W6823-1B,XG,Sauerstoff,750,Topography,2,5.829728050810102e-08,4.866637278885326e-09,6.706048879556873e-09,-1.0449925438235041,5.107326478973615
W6823-1B,XG,Sauerstoff,750,Topography,3,4.412892729678122e-08,4.297121342033699e-09,6.0466361113803775e-09,0.8086172686238337,9.770406132473767
W6823-1B,XG,Sauerstoff,750,Topography,4,4.842456108159162e-08,4.323543200027385e-09,6.144637559555068e-09,1.2328455295795508,15.095740769553267
W6824-1B,XG,Sauerstoff,750,Topography,1,3.067827504342488e-08,9.169158459202011e-09,1.1460991863849466e-08,0.5564136706338916,0.589295496296121
W6824-1B,XG,Sauerstoff,750,Topography,2,3.083773061963009e-08,9.179018952940697e-09,1.147292040994427e-08,0.5516933639785593,0.5861847636663695
W6824-1B,XG,Sauerstoff,750,Topography,3,2.896282418694614e-08,8.534695995384847e-09,1.0652880297330805e-08,0.4415320604275601,0.4872477980417025
W6824-1B,XG,Sauerstoff,750,Topography,4,3.0384262323318425e-08,8.558781993123435e-09,1.0692738839885663e-08,0.44733528817317963,0.5422001199098236
W6821-1B,XG,Sauerstoff,800,Topography,1,2.7377284021896532e-08,2.9519780515115305e-09,3.929109825562993e-09,-0.3695235049472596,2.24045735135193
W6821-1B,XG,Sauerstoff,800,Topography,2,3.778028060339019e-08,3.1895795301972915e-09,4.188739021260878e-09,-0.4252049433231557,2.2104500058946366
W6821-1B,XG,Sauerstoff,800,Topography,3,2.199153510106805e-08,2.516471703420368e-09,3.255143320181331e-09,-0.22431987522002436,1.2072444757105885
W6821-1B,XG,Sauerstoff,800,Topography,4,2.4975104595220336e-08,2.5535528127281434e-09,3.2974888530353012e-09,-0.19672107724996035,1.1551898702671881
W6822-1B,XG,Sauerstoff,800,Topography,1,2.8416623041423297e-08,4.363557593168933e-09,5.549637641057754e-09,-0.006039447409114473,0.9108789956639702
W6822-1B,XG,Sauerstoff,800,Topography,2,2.990332328929436e-08,4.6595487723582e-09,6.015062522654658e-09,0.1765207789856984,0.693909987573397
W6822-1B,XG,Sauerstoff,800,Topography,3,5.6942233847181515e-08,8.0550729693937e-09,1.0576382048629196e-08,0.23909295676817907,1.7798337971189664
W6822-1B,XG,Sauerstoff,800,Topography,4,3.849844308847134e-08,6.101343035449638e-09,8.311513447501598e-09,0.8718982262043291,4.138062385637848
W6823-1B,XG,Sauerstoff,800,Topography,1,4.4119827091642515e-08,6.148498603556988e-09,8.126034737253572e-09,-0.23832461030756064,1.69644824803241
W6823-1B,XG,Sauerstoff,800,Topography,2,4.562219025009795e-08,6.1559483862148795e-09,8.142743593475929e-09,-0.22982027633124785,1.7842373769142164
W6823-1B,XG,Sauerstoff,800,Topography,3,3.3453243721810835e-08,5.445325642969403e-09,7.159139670286616e-09,0.125982299426421,1.0896278343169588
W6823-1B,XG,Sauerstoff,800,Topography,4,3.282001702891382e-08,5.428379225103722e-09,7.136534748782383e-09,0.1374866873160569,1.102761355369001
W6824-1B,XG,Sauerstoff,800,Topography,1,2.7099236994951733e-08,3.639151115644451e-09,5.032681075734417e-09,1.5944192802601134,6.073076574595817
W6824-1B,XG,Sauerstoff,800,Topography,2,2.882848300656966e-08,3.688710307439756e-09,5.119013103192963e-09,1.6250758099590072,6.296543253124204
W6824-1B,XG,Sauerstoff,800,Topography,3,2.013486051289932e-08,3.5995845521381923e-09,4.7539922998738425e-09,0.8421988190803533,2.405074293481354
W6824-1B,XG,Sauerstoff,800,Topography,4,1.9815437318278618e-08,3.592746741566122e-09,4.741202960752188e-09,0.8406043227344777,2.4185453874479226
W6823-1B,XG,Sauerstoff,875,Topography,1,3.630645519425922e-08,6.042022554891697e-09,7.896268891782748e-09,-0.40824124078520996,0.7866415836082234
W6823-1B,XG,Sauerstoff,875,Topography,2,3.8251153950614266e-08,5.91456904092636e-09,7.761874161476882e-09,-0.37273374279521715,0.9458968929178115
W6823-1B,XG,Sauerstoff,875,Topography,3,3.357318913272002e-08,5.471709452047151e-09,7.126210463416072e-09,-0.11433538911418824,0.8008221020700912
W6823-1B,XG,Sauerstoff,875,Topography,4,3.577974009368331e-08,5.415545405429672e-09,7.04962358025104e-09,-0.1130782768986895,0.8320874181581832
W6824-1B,XG,Sauerstoff,875,Topography,1,4.622712609149565e-08,8.39403397538522e-09,1.0619723495930944e-08,0.2982563361803642,0.08173387631283635
W6824-1B,XG,Sauerstoff,875,Topography,2,4.5686423733980044e-08,8.383987491727683e-09,1.0618949207028713e-08,0.31675158083606414,0.12374448087646917
W6824-1B,XG,Sauerstoff,875,Topography,3,5.1243279245069e-08,7.625120168825706e-09,9.539907556091868e-09,0.2552626445993213,-0.039978261213009514
W6824-1B,XG,Sauerstoff,875,Topography,4,5.066874722425198e-08,7.648664020761898e-09,9.566225310300313e-09,0.25210911391999224,-0.0459357834811267
W6821-1B,XG,Sauerstoff,875,Topography,1,4.714523167491524e-08,6.822602336696437e-09,9.040863250896872e-09,0.08228226610480012,1.3653771927098353
W6821-1B,XG,Sauerstoff,875,Topography,2,4.683331293336969e-08,6.826104284400919e-09,9.041195379372267e-09,0.08543471394522534,1.346053169328564
W6821-1B,XG,Sauerstoff,875,Topography,3,4.855498283408769e-08,7.133587564311789e-09,9.231864350944257e-09,0.43586554884486545,1.0853643571107998
W6821-1B,XG,Sauerstoff,875,Topography,4,4.5971456501996096e-08,7.1418132286158215e-09,9.244434905636347e-09,0.4608746789731445,1.165058630732278
W6822-1B,XG,Sauerstoff,875,Topography,1,5.687228930986363e-08,1.1528889479855968e-08,1.4395962269198982e-08,0.3176148760936814,0.11558965222878737
W6822-1B,XG,Sauerstoff,875,Topography,2,5.399966833147017e-08,1.1611942759770496e-08,1.456790282173135e-08,0.2952139436367835,0.2144240173331844
W6822-1B,XG,Sauerstoff,875,Topography,3,5.525988361209725e-08,1.2264379022109285e-08,1.55221871330274e-08,0.3817071483001272,0.47085570263295384
W6822-1B,XG,Sauerstoff,875,Topography,4,5.4762556493642433e-08,1.209049299791292e-08,1.519657590542661e-08,0.25544115816379,0.23774281051117585
W6821-1B,XG,Sauerstoff,pre,Topography,1,2.2117361255313152e-08,9.180782130717499e-09,1.099929005033879e-08,0.7215973657806097,-0.423862234280608
W6821-1B,XG,Sauerstoff,pre,Topography,2,2.1502453458641598e-08,9.129730724981738e-09,1.0947678180202454e-08,0.7247912303772465,-0.4094655450692728
W6821-1B,XG,Sauerstoff,pre,Topography,3,2.534236659879411e-08,9.334404934554756e-09,1.1284470976960666e-08,0.7905918272102157,0.21217345531266352
W6821-1B,XG,Sauerstoff,pre,Topography,4,2.4355708153009424e-08,9.29325403875555e-09,1.1224836461937493e-08,0.792397329515215,0.21221081690485022
W6822-1B,XG,Sauerstoff,pre,Topography,1,1.072916856419651e-08,4.3297281286733895e-09,5.316051563724243e-09,0.9904656672810779,0.3163058866266333
W6822-1B,XG,Sauerstoff,pre,Topography,2,9.929698606630078e-09,4.344910168815118e-09,5.32274865260955e-09,0.9764329896282834,0.23428275870150106
W6822-1B,XG,Sauerstoff,pre,Topography,3,1.0886402059450691e-08,4.0654971448614895e-09,4.992063884205125e-09,1.0107259904264259,0.35546816538875703
W6822-1B,XG,Sauerstoff,pre,Topography,4,1.0155917963223314e-08,4.063654669669645e-09,4.996075723740399e-09,1.0086863658458143,0.3483630211310662
W6823-1B,XG,Sauerstoff,pre,Topography,1,2.204652203545733e-08,1.0344539328822862e-08,1.2705702421504763e-08,1.0427138581851345,0.17589255652728752
W6823-1B,XG,Sauerstoff,pre,Topography,2,2.186561406568525e-08,1.0335950452086183e-08,1.2701468408271753e-08,1.0493590866090865,0.18955815267264864
W6823-1B,XG,Sauerstoff,pre,Topography,3,2.6023719180021012e-08,1.0339881864329385e-08,1.293328747801247e-08,1.1056536982668246,0.39560127331333694
W6823-1B,XG,Sauerstoff,pre,Topography,4,2.5211105216811612e-08,1.0343319736264832e-08,1.2944511942328125e-08,1.1062958217096044,0.3982962960998746
W6824-1B,XG,Sauerstoff,pre,Topography,1,1.719332407609918e-08,6.878674776350771e-09,8.151038331861866e-09,0.6871915267107155,-0.49609038249644
W6824-1B,XG,Sauerstoff,pre,Topography,2,1.6409303223675708e-08,6.909496567148358e-09,8.193306573228102e-09,0.6926307809325226,-0.4857653470021672
W6824-1B,XG,Sauerstoff,pre,Topography,3,1.5751797279527168e-08,6.990632692970418e-09,8.233251740654004e-09,0.6525729414351008,-0.49626981257295766
W6824-1B,XG,Sauerstoff,pre,Topography,4,1.531167356873606e-08,7.040003341455251e-09,8.28896626428745e-09,0.6464787092352223,-0.5593955684938843
W6821-1D,XG,Luft,600,Topography,1,3.282600119451655e-08,1.3174541343072122e-08,1.9005254221298887e-08,2.1256814150777785,4.692479058970527
W6821-1D,XG,Luft,600,Topography,2,3.165421242235992e-08,1.3294053242840275e-08,1.912092611456187e-08,2.1062271384935003,4.597260783580521
W6821-1D,XG,Luft,600,Topography,3,2.995468068670962e-08,1.3875205233262082e-08,1.906088819905495e-08,1.8805127100204313,3.377000705238312
W6821-1D,XG,Luft,600,Topography,4,2.8463325236119552e-08,1.3924319080749954e-08,1.9107322032287884e-08,1.8669288083275777,3.3062862524946217
W6822-1D,XG,Luft,600,Topography,1,1.3338640147733757e-08,5.265267425952521e-09,6.867848715451735e-09,1.3724819075078816,2.243038075066898
W6822-1D,XG,Luft,600,Topography,2,1.319434771798974e-08,5.314853156979637e-09,6.915305221147705e-09,1.338805260558263,2.0904373538091443
W6822-1D,XG,Luft,600,Topography,3,1.3262498926648715e-08,5.200740275977197e-09,6.773256810504831e-09,1.3395341331100385,2.056770461092033
W6822-1D,XG,Luft,600,Topography,4,1.3345816050670557e-08,5.267534371607831e-09,6.848484215417879e-09,1.312446571931248,1.9673201394478594
W6823-1D,XG,Luft,600,Topography,1,6.953754293735421e-09,1.4466439801736199e-09,1.8257228165150394e-09,0.3620685767486111,0.7808937403545602
W6823-1D,XG,Luft,600,Topography,2,7.958691038310252e-09,1.4519217664606326e-09,1.8304846191358307e-09,0.3712243200176007,0.8101001043423492
W6823-1D,XG,Luft,600,Topography,3,6.846095891176209e-09,1.446223105412376e-09,1.8482596246015987e-09,0.6335275934556519,2.5972514513763656
W6823-1D,XG,Luft,600,Topography,4,6.659591208185196e-09,1.4416065525487187e-09,1.8437336187614548e-09,0.6531869212018211,2.6876603398923775
W6824-1D,XG,Luft,600,Topography,1,4.352686896901661e-08,1.8451573616799626e-08,2.3568880489032122e-08,1.2637003079596412,1.663860611903246
W6824-1D,XG,Luft,600,Topography,2,4.322886240121952e-08,1.8449886036219278e-08,2.3582125821871578e-08,1.2674249377443412,1.7008685845123965
W6824-1D,XG,Luft,600,Topography,3,4.583540715901539e-08,1.9761237973223714e-08,2.530870506807115e-08,1.2840984205286818,1.4773599395381103
W6824-1D,XG,Luft,600,Topography,4,4.70027930195344e-08,1.9790517869182386e-08,2.5326241939455904e-08,1.2765881610062104,1.4465204108633154
W6821-1D,XG,Luft,pre,Topography,1,3.6071645096327356e-08,1.1169116747823707e-08,1.4925798797839364e-08,0.7992659680270101,0.665719783321105
W6821-1D,XG,Luft,pre,Topography,2,1.10678689842946e-07,1.1106185044548904e-08,1.492714867364637e-08,0.7899930224737675,0.8860286335667156
W6821-1D,XG,Luft,pre,Topography,3,4.105769115758275e-08,9.240644874994725e-09,1.388613612498001e-08,1.1599783485303508,1.8892100539121754
W6821-1D,XG,Luft,pre,Topography,4,4.2557112179968665e-08,9.169244885494976e-09,1.3858437516463392e-08,1.1451868108194811,1.9255483409180396
W6822-1D,XG,Luft,pre,Topography,1,1.8487037553752538e-08,6.363551762012776e-09,8.290454867594117e-09,1.1730139398353296,1.2757310604431469
W6822-1D,XG,Luft,pre,Topography,2,1.830810932075397e-08,6.468000206348056e-09,8.361062109976287e-09,1.0939637684596484,1.0252611205839353
W6822-1D,XG,Luft,pre,Topography,3,1.7450104077761136e-08,6.128504683846814e-09,8.084511163820686e-09,1.225103108187608,1.6778956062738084
W6822-1D,XG,Luft,pre,Topography,4,1.747771380909403e-08,6.1369506203994756e-09,8.027419993975036e-09,1.2163574037923295,1.496878046376537
W6823-1D,XG,Luft,pre,Topography,1,1.81401197709867e-08,8.332941771258541e-09,9.850461886581326e-09,0.8090360063086615,-0.4250376258915609
W6823-1D,XG,Luft,pre,Topography,2,1.82678595874257e-08,8.333123654901781e-09,9.847723549502153e-09,0.8079850011284953,-0.4282876899828101
W6823-1D,XG,Luft,pre,Topography,3,2.441217776472201e-08,7.751635711456966e-09,9.093718775427402e-09,0.634579173441578,-0.5879922834970999
W6823-1D,XG,Luft,pre,Topography,4,2.5051218213928915e-08,7.749040166744689e-09,9.088911791004668e-09,0.6325704203745717,-0.5909340016966955
W6824-1D,XG,Luft,pre,Topography,1,1.1651387321833797e-08,4.173326326604419e-09,5.22329685687116e-09,1.1566801287567758,0.7560708152012134
W6824-1D,XG,Luft,pre,Topography,2,1.1284566945021536e-08,4.204459049212977e-09,5.254002534890808e-09,1.1500514123635164,0.7282459315488268
W6824-1D,XG,Luft,pre,Topography,3,1.323292051442145e-08,4.865750823680523e-09,5.823765510396707e-09,0.859502378122637,-0.18586913580530373
W6824-1D,XG,Luft,pre,Topography,4,1.3504947423351882e-08,4.868110829046679e-09,5.82433500845245e-09,0.852623713828181,-0.19931922179877626
W6821-1D,XG,Luft,700,Topography,1,3.9301839624379863e-08,9.505924619244964e-09,1.6795015002574703e-08,3.243973768771933,12.851604933249044
W6821-1D,XG,Luft,700,Topography,2,3.9042187421132456e-08,9.393734728588548e-09,1.6651172322931804e-08,3.263689647124289,12.96944876042069
W6821-1D,XG,Luft,700,Topography,3,3.9189009471974376e-08,1.1042795471422125e-08,1.847218819236251e-08,2.766395007589067,8.991739932709164
W6821-1D,XG,Luft,700,Topography,4,4.0381865108219375e-08,1.0925420361908537e-08,1.8342553391516096e-08,2.775132145525975,8.973412691690745
W6822-1D,XG,Luft,700,Topography,1,2.85862367608546e-08,2.5804416229396783e-09,3.7692049093250904e-09,1.3619183917253634,6.965040262344639
W6822-1D,XG,Luft,700,Topography,2,2.7195233193366886e-08,2.583480540516755e-09,3.774935049361001e-09,1.366123835808955,6.994711221392238
W6822-1D,XG,Luft,700,Topography,3,2.1529826372488157e-08,2.644730552146293e-09,4.1035964378400995e-09,2.539509952044007,14.583731227215928
W6822-1D,XG,Luft,700,Topography,4,2.2582684897657903e-08,2.6477657654933937e-09,4.105574412177949e-09,2.52989590465146,14.365107273214285
W6823-1D,XG,Luft,700,Topography,1,7.30426884551996e-08,6.058651391625096e-09,8.458978421834247e-09,-1.3663048941971798,5.785058592052929
W6823-1D,XG,Luft,700,Topography,2,7.552149771750019e-08,5.967265091904672e-09,8.320144837884746e-09,-1.394794548400571,5.834594458295726
W6823-1D,XG,Luft,700,Topography,3,6.39859682821069e-08,4.773557081867906e-09,6.606359756313523e-09,-1.187273621616423,6.052775775761033
W6823-1D,XG,Luft,700,Topography,4,6.278740914311252e-08,4.727569826144e-09,6.516123255442796e-09,-1.096555432223169,6.5292882745786045
W6824-1D,XG,Luft,700,Topography,1,3.831723381109407e-08,1.567709742385861e-08,2.209353656636927e-08,1.953971253807539,3.5484559813661773
W6824-1D,XG,Luft,700,Topography,2,3.670630085257131e-08,1.565020782451431e-08,2.2054982619781957e-08,1.9497646575427405,3.5315380551815245
W6824-1D,XG,Luft,700,Topography,3,5.692769492027046e-08,2.1312838949201848e-08,2.7753465476048626e-08,1.5770252481025042,2.0259373204735844
W6824-1D,XG,Luft,700,Topography,4,5.5469947030034166e-08,2.1310490388598782e-08,2.778001242099239e-08,1.5792570835301456,2.03295726184425
W6821-1D,XG,Luft,750,Topography,1,3.8457530812824604e-08,5.030629821302385e-09,6.547470856228193e-09,-0.861251644493702,1.4959364498257282
W6821-1D,XG,Luft,750,Topography,2,4.039104795414045e-08,5.044616513014066e-09,6.563070377198858e-09,-0.856715459362618,1.46381566721427
W6821-1D,XG,Luft,750,Topography,3,3.9629401134514486e-08,4.060559921126734e-09,5.4160945031111055e-09,-1.0195486497525075,2.7185386565195575
W6821-1D,XG,Luft,750,Topography,4,3.8759094113306856e-08,4.074884195058394e-09,5.444805793396399e-09,-0.9862480817310743,2.880062871297884
W6822-1D,XG,Luft,750,Topography,1,5.771234412566268e-08,4.314999192227324e-09,6.1284088634090965e-09,-1.7197740732469373,5.684381265301726
W6822-1D,XG,Luft,750,Topography,2,5.465670713467815e-08,4.3406038553406834e-09,6.182903914602024e-09,-1.7648793770926714,6.015689521351582
W6822-1D,XG,Luft,750,Topography,3,5.563601561456982e-08,4.334321870764904e-09,6.207801294146202e-09,-1.6499741936101162,5.652438292086835
W6822-1D,XG,Luft,750,Topography,4,5.500302690280742e-08,4.322714620550795e-09,6.188505702696987e-09,-1.6298199498352646,5.534064692495434
W6823-1D,XG,Luft,750,Topography,1,6.455055512504784e-08,9.298053233406311e-09,1.2369708401847394e-08,-0.9158499696207668,2.0972242600436335
W6823-1D,XG,Luft,750,Topography,2,7.785382714595827e-08,9.206348284913076e-09,1.2247834281356899e-08,-1.0152959135924269,2.006727122935202
W6823-1D,XG,Luft,750,Topography,3,5.182788439181877e-08,7.382409065446513e-09,9.616118942492645e-09,-0.6836580498551024,1.181808876645741
W6823-1D,XG,Luft,750,Topography,4,4.9083975699410225e-08,7.3237411004355736e-09,9.543326334820682e-09,-0.6675847032520499,1.2052588454055533
W6824-1D,XG,Luft,750,Topography,1,4.1493985256963015e-08,3.942032544958681e-09,5.509204465957745e-09,-0.4696319396685962,4.441975844186157
W6824-1D,XG,Luft,750,Topography,2,4.026608224373249e-08,3.955198472743319e-09,5.5343912777979644e-09,-0.4567885993636811,4.517749656047069
W6824-1D,XG,Luft,750,Topography,3,3.757469784485796e-08,4.163883059477503e-09,5.701119222366779e-09,-0.21879380630421147,3.4718526386013853
W6824-1D,XG,Luft,750,Topography,4,3.855395433790165e-08,4.157494681382682e-09,5.6932318337677455e-09,-0.21494435175735063,3.4573493631448073
W6821-1D,XG,Luft,800,Topography,1,3.784554653938766e-08,4.995200490384266e-09,6.413571744434606e-09,-0.6661569971327819,0.9851343033599576
W6821-1D,XG,Luft,800,Topography,2,3.6359844712528475e-08,4.99756993704259e-09,6.4220601693995225e-09,-0.6769704582578816,1.023456455918394
W6821-1D,XG,Luft,800,Topography,3,3.8072650998169705e-08,4.756160775166222e-09,6.138118587274567e-09,-0.710721648246523,1.2786758118094221
W6821-1D,XG,Luft,800,Topography,4,3.783368282091179e-08,4.753991932689639e-09,6.12769063079492e-09,-0.6995152527879567,1.2120078154082679
W6822-1D,XG,Luft,800,Topography,1,5.880310370052713e-08,5.0359171527320366e-09,6.99487983688892e-09,-1.1705126197412747,4.222321922168359
W6822-1D,XG,Luft,800,Topography,2,5.5721581871388555e-08,5.090764125007408e-09,7.043605285844724e-09,-1.1115452632826601,3.8207890473492103
W6822-1D,XG,Luft,800,Topography,3,6.364998777306584e-08,8.911937669673372e-09,1.158983124209579e-08,0.15907534031748113,0.5180568241996748
W6822-1D,XG,Luft,800,Topography,4,6.43921331465535e-08,8.956913119846003e-09,1.1671263994208428e-08,0.1544728202662467,0.44629918633237464
W6823-1D,XG,Luft,800,Topography,1,7.067836341335343e-08,6.718024825227159e-09,9.163938092762936e-09,-1.1301735945687816,3.3871862050130987
W6823-1D,XG,Luft,800,Topography,2,7.00657166668729e-08,6.579776101585074e-09,8.92350263958602e-09,-1.1028002671662205,3.1029068078700623
W6823-1D,XG,Luft,800,Topography,3,4.2061414402380713e-08,5.937914599657015e-09,7.859632327143378e-09,-0.7493577320342781,1.8585055300728994
W6823-1D,XG,Luft,800,Topography,4,4.265886112164725e-08,5.89798186464064e-09,7.780269991187647e-09,-0.7468522992717821,1.737253453510716
W6824-1D,XG,Luft,800,Topography,1,4.007408800725225e-08,3.918129230345513e-09,5.389014164852314e-09,0.9747387317641093,4.6890665191687875
W6824-1D,XG,Luft,800,Topography,2,3.685725862172693e-08,3.9316697989349726e-09,5.407426831783476e-09,1.007809286112197,4.855450961738882
W6824-1D,XG,Luft,800,Topography,3,7.849150520056598e-08,5.368308220895402e-09,7.237516842643187e-09,-0.3625165856677603,6.248262912184474
W6824-1D,XG,Luft,800,Topography,4,7.655175932883515e-08,5.359897791323633e-09,7.227270848094914e-09,-0.339608818121906,6.257868130416769
W6821-1D,XG,Luft,875,Topography,1,3.914356359409918e-08,5.395759616611585e-09,7.003187054753026e-09,-0.5765277619995722,1.177175832084873
W6821-1D,XG,Luft,875,Topography,2,4.541159430824027e-08,5.412145393295374e-09,7.031459028589108e-09,-0.5803691437625321,1.2428261268080059
W6821-1D,XG,Luft,875,Topography,3,3.634904211843164e-08,5.43503655831384e-09,6.977739826414872e-09,-0.4269495892425122,0.7836078280747656
W6821-1D,XG,Luft,875,Topography,4,4.052073642978541e-08,5.445478903963433e-09,6.993691167395164e-09,-0.4369274983233792,0.808031036055155
W6822-1D,XG,Luft,875,Topography,1,7.028007440577689e-08,7.662546695195227e-09,1.0088543124789065e-08,-0.4282284537482595,1.3874458641689982
W6822-1D,XG,Luft,875,Topography,2,6.521058415133545e-08,7.629302537974552e-09,1.0055180212840134e-08,-0.440328143852536,1.4218450847241089
W6822-1D,XG,Luft,875,Topography,3,6.770645594419564e-08,1.1142973702860433e-08,1.4455443109005572e-08,0.39638399825651244,0.5716100269348856
W6822-1D,XG,Luft,875,Topography,4,8.334125288819613e-08,1.1069624699360115e-08,1.4392335531320436e-08,0.38640437447800574,0.6502424949655978
W6823-1D,XG,Luft,875,Topography,1,4.789110545258418e-08,9.16307235221523e-09,1.1488788819396945e-08,-0.36730508953380425,0.06787814922397528
W6823-1D,XG,Luft,875,Topography,2,4.663089289732016e-08,8.995545048347142e-09,1.1290707891502873e-08,-0.3876639028511486,0.09057819300455794
W6823-1D,XG,Luft,875,Topography,3,3.660686603552456e-08,7.091413632311333e-09,8.906012957825546e-09,-0.1300272477982254,0.10861955763260056
W6823-1D,XG,Luft,875,Topography,4,3.6207701769871134e-08,7.044057564789307e-09,8.842360023413186e-09,-0.13325325631704688,0.08395390608127817
W6824-1D,XG,Luft,875,Topography,1,4.4962425560425925e-08,7.268554242485411e-09,9.387355948071596e-09,0.06346387541436718,0.7798309416684521
W6824-1D,XG,Luft,875,Topography,2,5.349764452939626e-08,7.293428331843734e-09,9.415531259532087e-09,0.06952034229556679,0.8119533488034132
W6824-1D,XG,Luft,875,Topography,3,5.284905561079417e-08,7.5586854571286e-09,9.64233850596487e-09,0.21950336866039016,0.7176970493381782
W6824-1D,XG,Luft,875,Topography,4,4.746953728896693e-08,7.554483466994704e-09,9.634289475689063e-09,0.23016908574157083,0.6983651119259195
