t,R
0.000223999999463558,2894.40708
2.28572699999809,2893.40463
4.58133299999684,2892.40174
6.8771799999997,2891.40473
9.17244399999827,2889.62918
13.462498999998,2888.68116
15.7491609999985,2902.54652
18.0331899999976,2972.968
20.3349809999987,3077.06705
22.6141879999936,3194.25434
24.9036599999964,3313.24975
27.2078669999987,3430.2214
29.5137579999939,3540.67237
31.8311549999937,3644.66492
34.1442399999946,3740.50913
36.4214299999997,3828.95188
38.7125549999997,3911.05347
41.0193530000001,3987.72608
43.3233939999938,4058.86511
45.6234629999995,4125.21767
47.9372779999971,4187.24543
50.2261079999953,4245.024
52.5231059999987,4299.25311
54.8224429999962,4350.42087
57.1304890000001,4398.7097
59.4266140000001,4444.36693
61.7326769999936,4487.35193
64.0285959999934,4527.83648
66.3096209999993,4566.3069
68.6009739999995,4602.70226
70.8923579999954,4637.53424
73.1926089999974,4670.58317
75.4857060000002,4701.96715
77.7821429999992,4732.02815
80.0810370000005,4760.69682
82.3947039999962,4787.88801
84.681800999999,4813.84255
86.9892289999947,4838.41353
89.2826399999932,4862.01486
91.5698169999942,4884.48104
93.8773479999974,4906.0062
96.1798389999941,4926.56575
98.4950749999955,4946.14848
100.787829999998,4964.59378
103.076130999997,4982.03664
105.367631999999,4998.68158
107.651086999998,5014.83409
109.945334999993,5030.3129
112.229279999994,5045.1351
114.522247999996,5059.3764
116.806239,5072.89344
119.098875,5085.83423
121.389320999995,5098.21099
123.69507,5109.99172
125.992033999994,5121.13858
128.296529999994,5131.81488
130.591862999998,5142.03322
132.893579999998,5151.91054
135.202707999997,5161.29309
137.490663999997,5170.33423
139.785965999998,5179.09114
142.100240999997,5187.62128
144.403745999999,5195.77153
146.704581,5203.49943
149.002908999994,5210.78687
151.284726999998,5217.80272
153.590042999998,5224.56277
155.896261999995,5231.03199
158.198847999997,5237.2137
160.494662999995,5243.16377
162.801937999994,5248.91968
165.092965999998,5254.40126
167.399329999998,5259.78159
169.704162,5264.98124
171.987377999999,5270.06057
174.296256999999,5275.06834
176.606762999997,5279.78713
178.902713999994,5284.31361
181.189197999999,5288.74559
183.472924999997,5292.90173
185.769239999995,5296.89086
188.048980999999,5300.77063
190.339118999995,5304.54515
192.642677999996,5308.35536
194.949717,5312.05432
197.247563999996,5315.56862
199.540213999994,5318.80605
201.834338,5322.01087
204.134000999995,5325.2127
206.426621999994,5328.38175
208.737561999999,5331.41051
211.038818999998,5334.32469
213.326131999999,5339.8784
217.614050999999,5342.65608
219.924184999995,5345.51647
222.228118999995,5348.21923
224.520533,5350.71988
226.801805999994,5353.18629
229.104954999998,5355.67291
231.393016999997,5358.13138
233.827927999996,5360.61264
236.144864999995,5362.77273
238.438663999997,5364.95835
240.738098999999,5367.17109
243.041388999999,5369.2464
245.320469999999,5371.31711
247.594289999999,5373.44096
249.908064999998,5375.59425
252.201960999995,5377.67721
254.502248999998,5379.58641
256.785457999997,5381.44903
259.090674999997,5383.44725
261.400723999999,5385.42829
263.678981999993,5387.32767
265.990277999997,5389.27905
268.289858999997,5391.06434
270.590503999993,5392.77202
272.892489,5394.51004
275.201631999999,5396.29799
277.517111999996,5398.08115
279.812798999995,5399.71013
282.112875999995,5401.31615
284.403184999995,5402.96085
286.690120999999,5404.55611
288.998171999998,5406.06954
291.275748999998,5408.89812
295.550584999993,5410.39984
297.839654999994,5413.16844
302.121294,5414.62792
304.436140999995,5416.20749
306.743930999994,5417.7614
309.019331,5419.13357
311.315897,5420.5409
313.606774999998,5422.02453
315.900670999996,5423.4148
318.209063999996,5424.84355
320.498571999997,5426.23155
322.796603,5427.71532
325.089752999999,5429.15598
327.374484999999,5430.34027
329.677081,5431.68155
331.978204999998,5433.07375
334.272711999998,5434.47492
336.583392999999,5435.69724
338.875806999996,5436.78852
341.167882999994,5437.93806
343.471173999995,5439.14906
345.777730999999,5440.38438
348.054277999997,5441.66305
350.359651999995,5442.97587
352.671844999999,5444.20921
354.969537,5446.60038
359.269046999998,5447.79577
361.554237999998,5449.02766
363.842822999999,5450.28078
366.147790999994,5451.5098
368.427901000001,5452.66956
370.714414999999,5453.83119
373.005954999998,5454.85654
375.285046999998,5455.98805
377.581794,5457.17226
379.883644999996,5458.36536
382.188715999998,5459.59075
384.498611999996,5460.62975
386.789327999994,5461.62145
389.089127999999,5462.66917
391.368691999994,5463.79884
393.663030999996,5464.92891
395.968811999999,5466.00817
398.282740999997,5466.83845
400.569618999995,5467.74644
402.883979999997,5468.87127
405.164717,5469.93301
407.460484999999,5470.82586
409.775110999994,5471.5036
412.057343999997,5471.8556
414.350202,5472.25108
416.643917999998,5472.58264
418.937241999999,5472.95186
421.257382999994,5473.24935
423.555537999995,5473.5469
425.853138999999,5473.84232
428.153603,5474.22195
430.467908999994,5474.48128
432.761151000001,5474.73069
435.043942999996,5474.98375
437.337298,5475.12135
439.620208999999,5475.20661
441.896614999995,5475.4048
444.185700999998,5475.59607
446.504851999998,5475.78547
448.793867999993,5475.94101
451.097491999999,5476.0552
453.401481999993,5476.22615
455.705307999998,5476.41716
458.009222999997,5476.58787
460.302936999999,5476.77497
462.606682999998,5477.03444
464.889413999997,5477.12395
467.187480999999,5477.25164
469.487220999993,5477.53927
471.791234999999,5477.65334
474.084517999999,5477.85949
476.377251999997,5478.0944
478.660059,5478.19518
480.964767999999,5478.29091
483.266327,5478.37847
485.561781999998,5478.5006
487.8655,5478.5866
490.169494999997,5478.78015
492.473954999998,5478.88015
494.766702,5478.99854
497.060533,5479.09542
499.367147999994,5479.22831
501.657892999999,5479.29022
503.961818999998,5479.43886
506.274949999996,5479.8206
510.564191,5479.94014
512.868202,5480.00566
515.172230999999,5480.04779
517.484103,5480.16372
519.780695,5480.30375
522.084519999996,5480.32479
524.377850999996,5480.42671
526.68168,5480.54038
528.991300999999,5480.62696
531.289673999995,5480.67599
533.598082999997,5480.74427
535.876327,5480.83447
538.169743999995,5481.17112
540.473520999998,5481.28366
542.777765999995,5481.5062
545.060055999994,5481.74787
547.353523999996,5481.72812
549.665641999997,5481.83356
551.961540999994,5481.93753
554.255465999998,5482.19326
556.558630999997,5482.43836
558.852098999999,5482.54589
561.135229999997,5482.68716
563.428391999997,5482.7678
565.747115999997,5482.80102
568.036059,5482.97177
570.351159999996,5483.02923
572.655239,5483.05762
574.969527999997,5483.16754
577.251762999997,5483.29721
579.556581999995,5483.37597
581.859281999998,5483.51895
584.164740999997,5483.59018
586.462665999994,5483.57004
588.761285999998,5483.56035
591.054833999999,5483.66457
593.337136999995,5483.81785
595.620162000001,5483.87468
597.928673,5484.00543
600.228640999995,5484.12584
602.544600999996,5484.16469
604.836601999998,5484.26936
607.140511999994,5484.37976
609.444189999998,5484.48138
611.748324999995,5484.62583
614.057526999995,5484.62272
616.366873999998,5484.67256
618.659943999998,5484.71069
620.964903999999,5484.80412
623.258039999999,5484.89879
625.540636999994,5485.04937
627.844764999993,5485.22531
630.152298999995,5485.27807
632.451935999997,5485.28434
634.756310999997,5485.36294
637.060394999996,5485.41122
639.343086999997,5485.48312
641.636434999995,5485.64297
643.929721999995,5485.79034
646.206575999998,5485.79902
648.505570999995,5485.81672
650.813207999997,5485.83875
653.124366999999,5485.86948
655.407482999995,5486.04399
659.695180999994,5486.1475
662.009717,5486.11598
664.324226999998,5486.32192
666.628210999995,5486.40263
668.930446999997,5486.32376
671.236494999997,5486.34386
673.540233999997,5486.44767
675.844120999999,5486.5829
678.148712999999,5486.74564
680.462610999994,5486.81081
682.735393999994,5486.7724
685.038706999995,5486.72605
687.332573999994,5486.54736
691.620759999998,5486.65118
693.924647999994,5486.74774
696.228587999999,5486.84349
698.545456999995,5486.96508
700.846919,5487.03133
703.140754999995,5487.04573
705.443994999997,5487.16893
707.737611999996,5487.27609
710.041208999999,5487.44729
712.356329999998,5487.5014
714.654378999993,5487.34938
716.943496999994,5487.41218
719.230553999998,5487.40467
721.519605999999,5487.50558
723.823397999994,5487.65936
726.137603,5487.72116
728.410004999995,5487.71654
730.691791999996,5487.85455
732.985704999998,5488.03814
735.305853,5488.11887
737.583355999999,5488.08254
739.897676999994,5488.20195
742.169898999996,5488.25283
744.463780999996,5488.36458
746.766886999995,5488.55114
749.049990999997,5488.69323
751.353505999997,5488.60241
753.646707999997,5488.63634
755.961680999994,5488.65781
758.255281999998,5488.66825
760.558680999994,5488.56782
762.873798,5488.54725
765.177381999999,5488.5854
767.485322999999,5488.69988
769.786002999999,5488.86259
772.078409999996,5488.93327
774.361590999998,5488.94524
776.665392999999,5488.96412
778.959081,5489.01853
781.262753999993,5488.91225
783.545103999995,5489.0338
785.839552999996,5489.15525
788.147016999997,5489.20891
790.447130999997,5489.30373
792.740542999998,5489.39187
795.033630999997,5489.41122
797.327357999995,5489.39275
799.609159999996,5489.28492
801.903242999993,5489.26564
804.221416999996,5489.42336
806.522255999997,5489.57634
808.825805,5489.6209
811.119739,5489.59779
813.423485999994,5489.60355
815.727051999994,5489.80204
818.030953999996,5489.92102
820.323608999997,5490.03298
822.618163999997,5490.08744
824.910784999996,5490.07381
827.225884999998,5489.96093
829.529796999998,5490.02012
831.833813999996,5490.15405
834.127403999999,5490.15866
836.419816999994,5489.97215
838.724079999998,5490.09487
841.028056999996,5490.05762
843.311265999995,5489.99508
845.61468,5490.0699
847.923967,5490.10981
850.247548,5490.09118
852.558711999998,5490.09184
854.858072999999,5490.05976
857.161939999998,5490.05461
859.476257999994,5490.07987
861.770268999994,5490.10876
864.063219999999,5490.15332
866.356096999995,5490.23575
868.648773999996,5490.33449
870.943302999996,5490.38438
873.241539999999,5490.38403
875.530130999997,5490.43689
877.823231999993,5490.50853
880.105347999997,5490.55285
882.409761,5490.52973
884.702557999998,5490.49199
887.007221999995,5490.47392
889.315071999997,5490.45365
891.615294999994,5490.55757
893.897534999996,5490.6519
896.180834999993,5490.79
898.463329999998,5490.8839
900.745414999999,5490.85214
903.049938999996,5490.89904
905.353318999998,5490.89392
907.658313999996,5490.94579
909.961756999999,5490.94385
912.266353,5490.98914
914.570149999999,5490.95066
916.873706999995,5490.94535
919.157099999994,5491.02083
921.428588999994,5491.07533
923.722015999995,5491.11058
926.030237999998,5491.21152
928.319011999994,5491.08157
930.60232,5491.14985
932.905503999993,5491.00237
935.209636999994,5490.94419
937.513976999998,5490.9788
939.818274999998,5491.11353
942.126779999994,5491.1616
944.425849999994,5491.11763
946.730452999994,5491.06929
949.03368,5491.10969
951.338096999995,5491.1469
953.641949999996,5491.19477
955.945106999993,5491.14861
958.243439999998,5491.2559
960.532425999999,5491.35591
962.836864,5491.34036
965.129564999998,5491.30563
967.413063999996,5491.10771
971.711212999999,5491.08568
974.004582999997,5491.12568
976.298059,5491.18426
978.602014999993,5491.37822
980.905298999995,5491.50876
983.210364999995,5491.68222
985.513974,5491.67589
987.817628999993,5491.72352
990.122298999995,5491.76646
992.424200999998,5491.69736
994.730436999999,5491.75952
997.033516999997,5491.74766
999.337723999999,5491.74666
1001.64208,5491.82903
1003.960895,5491.94264
1006.271146,5492.04287
1008.56471399999,5492.08743
1010.869061,5492.07245
1013.17252999999,5492.04971
1015.476467,5492.074
1017.791459,5492.08911
1020.07790899999,5492.12132
1022.377787,5492.11628
1024.671114,5492.05992
1026.964744,5491.89703
1029.24777,5491.77115
1031.550573,5491.80233
1033.855477,5491.99117
1036.17466599999,5492.06177
1038.47372099999,5492.16352
1040.756719,5492.26677
1043.060855,5492.46945
1047.35943499999,5492.44411
1049.65262899999,5492.37634
1051.95638,5492.29386
1054.270298,5492.3253
1056.543674,5492.26479
1058.850989,5492.29569
1061.14065,5492.43625
1063.423912,5492.54185
1065.717037,5492.52124
1068.020941,5492.46524
1070.334943,5492.51951
1072.60748199999,5492.63469
1074.905467,5492.61106
1077.183913,5492.59447
1079.486663,5492.50593
1081.780987,5492.38036
1084.08444,5492.31715
1086.388621,5492.29162
1088.692948,5492.24479
1091.006951,5492.24187
1093.31178799999,5492.30543
1095.615826,5492.43118
1097.908252,5492.43023
1100.21276,5492.42501
1102.516507,5492.47438
1104.820774,5492.46047
1107.129713,5492.40498
1109.42929899999,5492.53157
1111.73307,5492.50018
1114.036191,5492.50051
1116.340859,5492.58787
1118.644396,5492.62283
1120.948647,5492.61029
1123.255896,5492.67626
1125.556592,5492.59753
1127.860853,5492.64662
1130.164737,5492.71434
1132.468847,5492.86197
1134.772661,5492.81572
1137.076995,5492.7699
1139.364573,5492.66957
1141.673943,5492.68106
1143.956573,5492.68711
1146.26090499999,5492.71985
1148.557871,5492.71513
1152.84738999999,5492.81296
1155.15181299999,5492.76501
1157.47041599999,5492.84002
1159.78090899999,5492.83689
1162.074484,5492.87036
1164.388612,5492.77407
1166.68247899999,5492.81761
1168.975638,5492.71216
1171.268933,5492.70172
1173.565639,5492.81077
1175.85555199999,5492.91578
1178.159469,5493.01814
1180.452632,5493.08489
1182.74573999999,5492.99165
1185.039375,5493.00021
1187.35371399999,5493.0462
1189.673209,5493.13146
1191.95187199999,5493.19712
1194.26629099999,5493.16159
1196.559783,5493.26004
1198.863255,5493.29865
1201.15655599999,5493.11961
1203.460752,5493.10077
1205.769168,5493.08242
1208.058381,5493.09005
1210.362428,5493.04476
1212.65579499999,5493.0098
1214.94875399999,5493.05229
1217.23144199999,5493.13743
1219.51412199999,5493.14944
1221.78609599999,5493.13184
1224.09013999999,5493.05841
1226.404105,5493.04015
1228.687695,5493.0284
1231.00197899999,5493.12021
1233.295458,5493.25729
1235.59922499999,5493.3619
1237.903176,5493.39169
1240.207702,5493.37921
1242.509913,5493.3329
1244.815723,5493.3266
1247.119499,5493.34798
1249.423461,5493.31097
1251.727801,5493.27724
1254.05201199999,5493.18775
1256.33532099999,5493.15527
1258.639447,5493.14138
1260.953322,5493.14002
1263.247893,5493.24046
1265.55105199999,5493.31934
1267.855502,5493.4023
1270.18096399999,5493.45123
1272.47447499999,5493.2966
1276.772723,5493.31392
1279.0658,5493.37044
1281.359297,5493.432
1283.677428,5493.47612
1285.978266,5493.43455
1288.282485,5493.35143
1290.57521799999,5493.33732
1292.87972099999,5493.38578
1295.187906,5493.38385
1297.48758899999,5493.40591
1299.795925,5493.35423
1302.095848,5493.33273
1304.378557,5493.46216
1306.671841,5493.51873
1308.964474,5493.50851
1311.259527,5493.37794
1313.56193499999,5493.30164
1315.860539,5493.35574
1318.180856,5493.34811
1320.496261,5493.4734
1322.810124,5493.57296
1325.125329,5493.55674
1327.406907,5493.5354
1329.690329,5493.55963
1331.99735399999,5493.51198
1334.298157,5493.46141
1336.60216599999,5493.47518
1338.884994,5493.52285
1341.17811799999,5493.61615
1343.470904,5493.63786
1345.754036,5493.55885
1348.068403,5493.6006
1350.361984,5493.57456
1352.669727,5493.5767
1354.94868099999,5493.55512
1357.24245,5493.52546
1359.546102,5493.52237
1361.85001899999,5493.46535
1364.15947,5493.4996
1366.458171,5493.63116
1368.772388,5493.66632
1371.066249,5493.7708
1373.348481,5493.7847
1375.64214799999,5493.82574
1377.92492699999,5493.87778
1380.19635399999,5493.93445
1382.490429,5493.9736
1384.788239,5493.9137
1387.087423,5493.72625
1389.380439,5493.73188
1391.674665,5493.67926
1393.956761,5493.69554
1396.26057099999,5493.75994
1398.564995,5493.82524
1400.868183,5493.70851
1403.162443,5493.54873
1405.477027,5493.46886
1407.77064399999,5493.4956
1410.07450799999,5493.54775
1412.377766,5493.62682
1414.682204,5493.64887
1417.000558,5493.75849
1419.30074699999,5493.79047
1421.61568799999,5493.73557
1423.90868499999,5493.70876
1426.224031,5493.65827
1428.516831,5493.67708
1430.810366,5493.66429
1433.11883,5493.63317
1435.418373,5493.75425
1437.722386,5493.7887
1440.01459599999,5493.80803
1442.297805,5493.74701
1444.612785,5493.75592
1446.906632,5493.78165
1449.202086,5493.71347
1451.49775799999,5493.73238
1455.786025,5493.7247
1458.090443,5493.69754
1460.394075,5493.72628
1462.697782,5493.7504
1464.98097,5493.72187
1467.299292,5493.77563
1469.589595,5493.70931
1471.882253,5493.73967
1474.164399,5493.79394
1476.469084,5493.80288
1478.762103,5493.78299
1481.06640899999,5493.80791
1483.354017,5493.85302
1485.653086,5493.94826
1487.95697899999,5494.06264
1490.26054099999,5493.96402
1492.543764,5493.84943
1494.836503,5493.85301
1497.119495,5493.83741
1499.432511,5493.76518
1501.716801,5493.7988
1504.019996,5493.84368
1506.325281,5493.88363
1508.629319,5493.83525
1510.943271,5493.85591
1513.215917,5493.87849
1515.514693,5493.99214
1517.791719,5493.95519
1520.08468099999,5493.96562
1522.389338,5493.9465
1524.693172,5493.93323
1526.97513299999,5494.00146
1529.26893,5493.9056
1531.572908,5493.82479
1533.855818,5493.86336
1536.152635,5493.86247
1538.45252,5493.8862
1540.757228,5493.82852
1543.061527,5493.87732
1545.365098,5493.90639
1547.668901,5494.01028
1549.973062,5494.04915
1552.281025,5494.07353
1554.559888,5494.03569
1556.833724,5493.91146
1559.125178,5493.96185
1561.418804,5493.94677
1563.70100399999,5493.9271
1566.005022,5493.94396
1568.31377299999,5493.89901
1570.62329,5493.8996
1572.92822099999,5493.9013
1575.22148,5493.97563
1577.524922,5494.03468
1579.828906,5493.98205
1582.133448,5493.8907
1584.441641,5493.81907
1586.741068,5493.92237
1589.04572899999,5493.99421
1591.35986799999,5494.07298
1593.663728,5494.04574
1595.956937,5493.99863
1598.261476,5494.1058
1600.564323,5494.1952
1602.869178,5494.06232
1605.173282,5494.02087
1607.487794,5494.11945
1609.964182,5494.05755
1612.255448,5493.97559
1614.559345,5494.09589
1616.862757,5494.10642
1619.155922,5494.05039
1621.46158899999,5493.93014
1623.764612,5493.87071
1626.068915,5493.91379
1628.351491,5494.06788
1630.649422,5494.23133
1632.92784999999,5488.16076
1635.220731,5434.42583
1637.502884,5356.90744
1639.823712,5308.01201
1642.11165,5280.32035
1644.42592399999,5261.13831
1646.719367,5247.53164
1649.02359,5237.52789
1651.316815,5230.07495
1653.610079,5224.36244
1655.912837,5219.85644
1658.18630199999,5216.25118
1660.490092,5213.21061
1662.783498,5210.6383
1665.066428,5208.61919
1667.35936799999,5207.01337
1669.663206,5205.76291
1671.97702999999,5204.60971
1674.249809,5203.55747
1676.553748,5202.53588
1678.847586,5201.69336
1681.130303,5200.81042
1683.423771,5199.31825
1687.712143,5198.72681
1690.03497099999,5198.271
1692.32021399999,5197.90585
1694.634614,5197.58347
1696.916804,5197.33011
1699.21041599999,5196.92947
1701.503863,5196.55919
1703.807856,5196.33021
1706.117065,5196.06088
1708.394439,5195.79234
1710.685202,5195.56644
1712.992208,5195.39466
1715.305921,5195.29983
1717.599428,5195.16462
1719.90415499999,5195.07505
1722.217907,5194.92543
1724.500903,5194.68284
1726.804303,5194.51676
1729.087507,5194.31118
1731.39207,5194.10096
1733.674407,5193.9028
1735.96809299999,5193.80436
1738.281617,5193.77371
1740.576054,5193.6527
1742.879635,5193.69274
1745.18352,5193.4847
1747.487744,5193.39314
1749.807566,5193.40282
1752.106785,5193.28247
1754.414248,5193.14311
1756.71473999999,5193.11913
1759.018948,5193.01969
1761.311956,5192.95767
1763.594573,5192.93132
1765.888028,5192.80677
1768.192026,5192.68959
1770.500318,5192.70165
1772.789436,5192.71077
1775.082323,5192.6509
1777.376391,5192.69075
1779.68005,5192.62252
1781.962216,5192.45187
1784.255925,5192.33078
1786.565058,5192.14929
1788.863819,5192.12346
1791.146741,5192.11149
1793.429671,5192.12155
1795.723102,5192.10955
1798.015847,5192.10562
1800.298408,5192.13716
1802.591706,5192.15265
1804.895748,5192.11793
1807.198617,5192.05427
1809.482869,5192.01794
1811.775934,5191.96561
1814.058415,5191.7749
1816.36244599999,5191.74252
1818.666507,5191.77427
1820.94917699999,5191.75969
1823.258151,5191.574
1825.546487,5191.41177
1827.84512199999,5191.30887
1830.133642,5191.31801
1832.437237,5191.31912
1834.73013299999,5191.37027
1837.013388,5191.37001
1839.285005,5191.29737
1841.578293,5191.32071
1843.903456,5191.30913
1846.19701899999,5191.2153
1848.511962,5191.20363
1850.794219,5191.18351
1853.09886,5191.17445
1855.402415,5191.08656
1857.706566,5190.97536
1860.017673,5191.01147
1862.293345,5191.077
1864.58543099999,5191.01143
1866.890154,5190.93646
1869.183932,5190.8143
1871.46645999999,5190.75566
1873.759635,5190.73052
1876.042397,5190.84971
1878.32571399999,5190.85121
1880.61821399999,5190.55364
1884.906403,5190.39987
1887.221209,5190.39221
1889.514676,5190.34565
1893.81297099999,5190.3435
1896.106349,5190.31297
1898.410108,5190.28901
1900.714429,5190.38529
1903.01877999999,5190.37752
1905.321176,5190.35058
1907.615919,5190.28802
1909.899602,5190.23388
1912.202746,5190.25264
1914.496014,5190.34913
1916.77809999999,5190.30006
1919.082513,5190.25636
1921.401303,5190.21168
1923.69068,5190.1136
1925.994899,5190.06548
1928.30875399999,5190.14418
1930.59197899999,5190.09751
1932.9063,5190.09105
1935.189498,5189.95832
1937.492746,5189.91478
1939.786676,5189.6823
1942.08043799999,5189.69823
1944.37310699999,5189.80953
1946.655636,5189.85185
1948.949075,5189.84016
1951.253411,5189.82186
1953.54903399999,5189.81202
1955.82954499999,5189.57374
1958.144113,5189.50928
1960.43753399999,5189.60301
1962.75233199999,5189.8138
1965.03445299999,5189.77672
1967.317658,5189.80072
1969.608973,5189.74792
1971.893417,5189.61486
1974.20545299999,5189.53012
1976.48037,5189.54771
1978.78444599999,5189.41445
1981.07668099999,5189.25941
1983.370902,5189.23458
1985.65827,5189.24518
1987.957591,5189.27726
1990.280362,5189.38722
1992.56544199999,5189.40503
1994.869614,5189.46126
1997.173227,5189.40485
1999.47712199999,5189.3363
2001.801127,5189.26151
2004.093502,5189.24199
2006.400161,5189.37125
2008.693202,5189.26693
2010.976377,5189.24623
2013.269081,5189.17836
2015.5735,5189.10447
2017.85548199999,5189.02177
2020.128127,5189.03405
2022.42570699999,5188.9818
2024.72531699999,5188.9242
2027.037921,5188.91848
2029.333852,5188.9671
2031.63767699999,5188.93388
2033.920048,5188.86662
2036.21306299999,5188.93259
2038.51739399999,5189.03718
2040.82162,5189.12677
2043.108146,5189.08303
2045.408042,5189.03668
2047.70041,5189.0308
2049.98976499999,5188.97103
2052.282892,5188.98819
2054.564972,5189.02064
2056.869505,5188.98181
2059.17336,5188.92922
2061.477051,5188.94555
2063.78561,5188.96043
2066.085463,5188.84527
2068.389209,5188.80245
2070.69361099999,5188.73559
2072.997147,5188.59815
2075.301326,5188.61277
2077.605527,5188.67472
2079.918091,5188.72396
2082.21297899999,5188.7483
2084.528278,5188.75483
2086.821502,5188.7141
2089.125531,5188.75823
2091.40836499999,5188.81377
2093.691336,5188.76294
2095.993713,5188.72632
2098.277081,5188.78372
2100.57018799999,5188.67248
2102.84314399999,5188.57499
2105.136231,5188.55096
2107.41844899999,5188.54147
2109.722724,5188.53426
2112.01586,5188.50527
2114.298856,5188.36777
2116.643809,5188.16315
2118.928053,5188.107
2121.231735,5188.13066
2123.515048,5188.2308
2125.829476,5188.26064
2128.112103,5188.29531
2130.426807,5188.24785
2134.713216,5188.26684
2136.986673,5188.38617
2139.277731,5188.27242
2141.56288299999,5188.24407
2143.855885,5188.20309
2146.160048,5188.27071
2148.44276499999,5188.51203
2150.735546,5188.57034
2153.018912,5188.50345
2155.31189399999,5188.37888
2157.605048,5188.24461
2159.89780999999,5188.16062
2162.19213999999,5188.08996
2164.506737,5188.10366
2166.810543,5188.12838
2169.104311,5188.16612
2171.39709299999,5188.2558
2173.680301,5188.17142
2175.993212,5188.07111
2178.266855,5188.16994
2180.55987899999,5188.17084
2182.863988,5188.12874
2185.168466,5188.00483
2187.461315,5187.9725
2189.74419199999,5187.9678
2192.02658,5187.84656
2194.330994,5187.90704
2196.633632,5187.80579
2198.928287,5187.73606
2201.232117,5187.72445
2203.515095,5187.74255
2205.818895,5187.7266
2208.11202,5187.77115
2210.416286,5187.78706
2212.724858,5187.86741
2215.02438999999,5187.81659
2217.32807399999,5187.8863
2219.631875,5187.92771
2221.93652299999,5188.04819
2224.238838,5188.14771
2226.544139,5188.19541
2228.847945,5188.10763
2231.152399,5188.1054
2233.456061,5188.13928
2235.759749,5188.14188
2238.064382,5188.10211
2240.372899,5188.05479
2242.650261,5188.10606
2244.953171,5187.97772
2247.247996,5188.00047
2249.541327,5187.95795
2251.813436,5187.95121
2254.128336,5187.98289
2256.437223,5187.94849
2258.72532,5187.93925
2261.02870699999,5187.94452
2263.32294199999,5187.90494
2265.60584999999,5188.04951
2267.89911799999,5188.12855
2270.192006,5188.07498
2272.495639,5188.04455
2274.789458,5188.00256
2277.10897499999,5188.00837
2279.38726899999,5187.91698
2281.701197,5187.78053
2283.99547,5187.77989
2286.299084,5187.78521
2288.60260399999,5187.79591
2290.906675,5187.87067
2293.20845699999,5187.7642
2295.503638,5187.63228
2297.797731,5187.66608
2300.09078399999,5187.83192
2302.39486799999,5187.92345
2304.703984,5188.02334
2306.981755,5188.054
2309.27979,5187.985
2311.57919,5187.96116
2313.877359,5187.96845
2316.176566,5187.83717
2318.469491,5187.62908
2320.762654,5187.57911
2323.066418,5187.58252
2325.386392,5187.57678
2327.69613999999,5187.5641
2330.000553,5187.58365
2332.29373199999,5187.54854
2334.58723,5187.56776
2336.890382,5187.61003
2339.205366,5187.52672
2341.514581,5187.71429
2343.803378,5187.76126
2346.10693099999,5187.73181
2348.408537,5187.67417
2350.715483,5187.64814
2353.018794,5187.59321
2355.32313299999,5187.61369
2357.62547099999,5187.67993
2359.941809,5187.63481
2362.23454,5187.56324
2364.538797,5187.6142
2368.836712,5187.63952
2371.141326,5187.63389
2373.43507099999,5187.49716
2375.735984,5187.49012
2378.04310699999,5187.5096
2380.325542,5187.51849
2382.618551,5187.45962
2384.912766,5187.42299
2387.194709,5187.41213
2389.48826899999,5187.38889
2391.771296,5187.39571
2394.074698,5187.34647
2396.383956,5187.22695
2398.67215,5187.23771
2400.976154,5187.17893
2403.248259,5187.18735
2405.54177299999,5187.26827
2407.82380599999,5187.2305
2410.117642,5187.30827
2412.405374,5187.32067
2414.704347,5187.45012
2417.001252,5187.54747
2419.301436,5187.48629
2421.594776,5187.55854
2423.87768499999,5187.52421
2426.16067699999,5187.62319
2428.46407399999,5187.5634
2430.757838,5187.50275
2433.05926,5187.48937
2435.36568099999,5187.442
2437.680189,5187.63298
2439.98479,5187.73558
2442.278116,5187.78732
2444.581445,5187.80336
2446.86475,5187.69114
2449.167801,5187.64325
2451.461914,5187.65471
2453.765928,5187.53623
2456.069143,5187.57716
2458.37361,5187.55981
2460.677499,5187.60801
2462.992869,5187.63724
2465.317727,5187.71465
2467.621717,5187.65203
2469.904517,5187.52874
2472.197827,5187.47429
2474.501242,5187.56049
2476.82054499999,5187.58232
2479.109999,5187.5557
2481.414021,5187.66491
2483.717737,5187.60404
2486.02203399999,5187.44658
2488.336315,5187.21697
2490.62970299999,5187.27095
2492.931727,5187.36291
2495.216505,5187.38487
2497.50990899999,5187.48624
2499.792511,5187.48462
2502.085261,5187.44178
2504.389749,5187.41458
2506.694005,5187.48585
2509.01363,5187.5167
2511.3015,5187.52887
2513.605116,5187.4735
2515.909924,5187.51042
2518.224539,5187.57551
2520.517624,5187.5637
2522.821524,5187.3874
2525.13020699999,5187.22377
2527.42975099999,5187.11207
2529.744693,5187.16063
2532.047797,5187.14614
2534.35214399999,5187.39913
2536.645538,5187.48185
2538.949455,5187.3311
2541.262172,5187.35332
2543.536407,5187.46077
2545.85100399999,5187.60612
2548.123279,5187.63535
2550.405782,5187.69121
2552.69862,5187.68735
2554.992355,5187.64895
2557.306087,5187.73621
2559.61111,5187.63487
2561.90369899999,5187.5414
2564.19763699999,5187.3629
2566.480853,5187.19261
2568.784532,5187.25634
2571.066867,5187.23734
2573.36029499999,5187.11492
2575.643073,5187.10335
2577.95066,5187.22811
2580.250911,5187.24476
2582.544739,5187.23636
2584.847859,5187.10803
2587.151112,5187.16253
2589.435263,5187.34693
2591.739179,5187.48551
2594.05329,5187.44023
2596.33686799999,5187.47929
2598.651053,5187.36472
2600.92788299999,5187.3625
2603.248315,5187.33295
2605.568002,5187.36858
2607.856752,5187.40903
2610.160062,5187.34596
2612.464421,5187.23806
2616.77587899999,5187.29767
2619.066877,5187.3055
2621.360871,5187.26277
2623.64314799999,5187.27206
2625.93644899999,5187.32404
2628.240044,5187.39109
2630.544678,5187.38361
2632.848022,5187.41326
2635.131322,5187.35331
2637.445614,5187.30493
2639.727973,5187.29135
2642.032638,5187.39749
2644.335896,5187.48156
2646.64048599999,5187.35268
2648.95840499999,5187.27162
2651.264072,5187.27661
2653.546775,5187.27547
2655.840158,5187.16648
2658.144794,5187.20039
2660.469845,5187.14746
2662.76220299999,5187.04979
2665.07776199999,5187.02799
2667.3602,5187.03115
2669.664689,5187.15392
2671.96797899999,5187.2388
2674.272841,5187.1731
2676.57664399999,5187.30308
2678.87948199999,5187.2975
2681.184801,5187.33156
2683.507579,5187.21066
2685.792494,5187.13072
2688.107032,5187.21196
2690.400914,5187.22154
2692.70432799999,5187.13083
2694.986742,5187.20426
2697.269435,5187.20761
2699.58410399999,5187.1989
2701.877804,5187.34758
2704.185558,5187.40795
2706.47535699999,5187.58683
2708.768106,5187.48614
2711.051392,5187.46059
2713.365664,5187.4528
2715.658601,5187.40393
2717.962859,5187.38292
2720.26559299999,5187.3575
2722.560352,5187.39071
2724.843542,5187.38002
2727.125557,5187.44106
2729.41963999999,5187.42816
2731.733594,5187.3504
2734.006212,5187.30828
2736.314792,5187.1745
2738.603233,5187.24216
2740.90723,5187.26258
2743.21079899999,5187.40565
2745.493821,5187.45581
2747.787283,5187.33997
2750.09159299999,5187.33618
2752.399948,5187.33338
2754.699228,5187.37763
2757.013739,5187.31979
2759.307134,5187.3254
2761.61158899999,5187.37565
2763.914823,5187.36947
2766.21935399999,5187.27808
2768.533312,5187.26129
2770.816643,5187.34024
2773.099048,5187.36945
2775.41343099999,5187.45512
2777.686156,5187.49031
2779.989532,5187.51277
2782.283582,5187.39118
2784.592059,5187.23503
2786.891128,5187.32109
2789.19559599999,5187.49478
2791.49887199999,5187.52864
2793.78194,5187.39517
2796.079793,5187.45223
2798.379136,5187.43881
2800.70499299999,5187.48485
2802.987235,5187.4534
2805.291704,5187.44085
2807.59554499999,5187.40737
2809.878028,5187.34733
2812.18675799999,5187.26271
2814.486047,5187.31708
2816.789522,5187.2396
2819.083433,5187.14844
2821.370337,5187.27636
2823.669363,5187.42948
2825.97914799999,5187.47884
2828.277536,5187.32631
2830.571403,5187.29936
2832.879213,5187.30816
2835.179667,5187.14464
2837.48322899999,5187.02865
2839.787426,5187.17515
2842.091439,5187.18745
2844.39936,5187.21678
2846.69938699999,5187.06148
2848.999429,5187.04669
2851.30716999999,5187.0171
2853.611326,5187.05195
2855.904502,5187.12066
2858.218863,5187.1185
2860.50617699999,5187.06641
2862.806062,5187.13069
2865.088771,5187.12443
2867.36013299999,5187.12986
2869.664662,5187.14491
2871.968485,5187.10425
2874.273114,5187.01141
2876.56538299999,5187.01444
2878.84860699999,5187.12647
2881.14261,5187.17257
2883.456375,5187.21991
2885.72897499999,5187.02245
2888.021844,5186.93396
2890.30475799999,5186.88975
2892.612005,5186.8763
2894.902105,5186.98763
2897.184803,5187.07197
2899.47821799999,5187.00424
2901.760771,5186.98338
2904.053351,5187.0913
2906.358389,5187.06195
2908.66150099999,5187.16309
2910.96611,5187.25849
2913.27489399999,5187.18536
2915.573476,5187.06687
2917.888168,5187.01079
2920.181741,5186.97662
2922.48616,5186.87568
2924.768421,5186.84895
2927.062399,5186.93326
2929.37612599999,5187.01066
2931.669815,5187.142
2933.973923,5187.31223
2936.278151,5187.43923
2938.56075399999,5187.44543
2940.864277,5187.39232
2943.158412,5187.36101
2945.470272,5187.26086
2947.76583199999,5187.3295
2950.069977,5187.41595
2952.373849,5187.44684
2954.678503,5187.44127
2956.992267,5187.2082
2959.285998,5187.22504
2961.60119,5187.26399
2963.904314,5187.26242
2966.20856699999,5187.25868
2968.50190199999,5187.27798
2970.805939,5187.35246
2973.11916299999,5187.37715
2975.424506,5187.35833
2977.717599,5187.39343
2980.000989,5187.44942
2984.299713,5187.37191
2986.61389099999,5187.24782
2988.917996,5187.11556
2991.231125,5187.1468
2993.526198,5187.13498
2995.81347899999,5187.01242
2998.123277,5187.14785
3000.416516,5187.22959
3002.709679,5187.2465
3005.014184,5187.06244
3007.29634599999,5186.97401
3009.579706,5186.9499
3011.876822,5187.06408
3014.176738,5187.14421
3016.48076199999,5187.24828
3018.763373,5187.19481
3021.067693,5187.22836
3023.360245,5187.24844
3025.643266,5187.26761
3027.915014,5187.3138
3030.20888999999,5187.2931
3032.512195,5187.29388
3034.816886,5187.30612
3037.120683,5187.18151
3039.413767,5187.07269
3041.707652,5186.94474
3044.00044199999,5186.89095
3046.305101,5186.84682
3048.61886099999,5186.88349
3050.891741,5186.87286
3053.19512599999,5186.96726
3055.49948599999,5187.1321
3057.803341,5187.3874
3060.096325,5187.44127
3062.401027,5187.33688
3064.701539,5187.2183
3067.00875799999,5187.16168
3069.291789,5187.17014
3071.584634,5187.23108
3073.889131,5187.30262
3076.21315899999,5187.33058
3078.496776,5187.28517
3080.808934,5187.32078
3083.105103,5187.36199
3085.408937,5187.40411
3087.71267399999,5187.40392
3090.016672,5187.31644
3092.330962,5187.22922
3094.62501,5187.35639
3096.937553,5187.38311
3099.233414,5187.29206
3101.536978,5187.13289
3103.840701,5186.94469
3106.14506699999,5186.95356
3108.442973,5187.08095
3110.753065,5187.23206
3113.058059,5187.30876
3115.36104099999,5187.34434
3117.664698,5187.38417
3119.968634,5187.43324
3122.250884,5187.2224
3124.570227,5187.17749
3126.88132799999,5187.15691
3129.18461499999,5187.23562
3131.489289,5187.16365
3133.793234,5187.16311
3136.09652999999,5187.14865
3138.379531,5187.08866
3140.688257,5187.08696
3142.987689,5187.13786
3145.290161,5187.1233
3147.585069,5187.11952
3149.889426,5187.12961
3152.192809,5187.12347
3154.475683,5187.16375
3156.76893799999,5187.23471
3159.051183,5187.25062
3161.355237,5187.31809
3163.637988,5187.27244
3165.95260699999,5187.23574
3168.256481,5187.24421
3170.549985,5187.272
3172.84862599999,5187.23888
3175.158047,5187.13868
3177.45335399999,5187.14438
3179.755153,5187.28454
3182.038413,5187.35827
3184.33112899999,5187.40156
3186.614375,5187.41874
3188.90733499999,5187.34116
3191.212005,5187.27182
3193.50415199999,5187.23974
3195.79781699999,5187.16836
3198.091566,5187.15331
3200.394954,5187.22372
3202.678439,5187.14665
3204.981726,5187.16885
3207.286307,5187.15684
3209.583353,5187.05719
3211.883853,5187.0259
3214.187782,5187.06807
3216.491186,5187.11018
3218.795327,5187.17385
3221.104491,5187.12388
3223.41384299999,5187.15481
3225.707668,5187.20319
3228.011904,5187.34621
3230.315422,5187.36905
3232.61944199999,5187.35999
3234.92388299999,5187.25168
3237.238222,5187.19505
3239.52051899999,5187.24831
3241.814532,5187.22404
3244.107463,5187.2071
3246.39045699999,5187.12378
3248.687175,5187.15158
3250.971766,5187.13508
3253.285792,5187.14566
3255.579542,5187.19954
3257.88334,5187.31176
3260.165985,5187.42666
3262.47049299999,5187.43313
3264.763451,5187.4005
3267.06802,5187.32783
3269.38165499999,5187.24359
3271.675772,5187.09977
3273.97933199999,5187.10249
3276.28343799999,5187.15384
3278.56632,5187.07996
3280.869967,5187.08584
3283.16387199999,5187.0973
3285.47261799999,5187.15295
3287.782667,5187.25038
3290.07563,5187.36232
3292.389904,5187.19773
3294.694484,5187.15309
3297.008044,5187.18512
3299.291293,5187.20034
3301.605634,5187.16283
3303.899675,5187.07602
3306.2039,5187.1539
3308.507193,5187.13495
3310.81142699999,5187.11239
3313.104922,5187.14241
3315.377123,5187.17383
3317.686248,5187.20914
3319.973889,5187.25209
3322.267962,5187.38044
3324.560694,5187.38123
3326.875673,5187.26624
3329.158518,5186.96951
3333.445973,5186.88619
3335.749675,5186.87914
3338.054397,5186.91417
3340.36776,5186.98222
3342.651551,5186.94217
3344.944579,5186.93507
3347.238105,5187.03917
3349.521164,5187.0475
3351.81420999999,5186.94298
3354.118304,5186.98653
3356.438455,5187.11093
3358.72576199999,5186.96595
3361.0199,5186.89109
3363.31341999999,5186.82238
3365.606797,5186.69041
3367.920793,5186.75183
3370.203562,5186.78182
3372.502191,5186.88139
3374.790673,5186.97488
3377.08588299999,5187.00643
3379.387234,5186.84906
3381.68118499999,5186.8267
3383.973755,5186.88346
3386.278428,5186.94338
3388.587182,5186.99721
3390.875763,5187.07524
3393.166612,5187.11064
3395.46255199999,5187.11552
3397.766003,5187.06258
3400.07048199999,5187.04399
3402.37451899999,5187.07598
3404.678189,5187.12632
3406.96083,5187.10516
3409.284911,5187.05579
3411.569359,5186.95455
3413.873411,5186.95263
3416.166406,5187.03153
3418.449369,5187.02261
3420.742123,5186.99948
3423.046623,5187.02663
3425.32861499999,5187.11234
3427.63343799999,5187.15419
3429.941908,5187.01506
3432.230426,5187.10521
3434.53451,5187.18885
3436.838587,5187.10012
3439.141992,5187.10092
3441.45710399999,5187.16321
3443.771322,5187.23151
3446.048281,5187.35074
3448.35827299999,5187.31373
3450.662362,5187.10068
3452.966496,5186.96948
3455.270327,5186.87217
3457.574011,5187.01465
3459.857432,5187.02916
3462.148991,5187.13958
3464.454627,5187.07831
3466.73748,5187.14944
3469.051676,5187.166
3471.323818,5187.12162
3473.617117,5187.05905
3475.900128,5187.01357
3478.203325,5186.99783
3480.49722,5186.96744
3482.789966,5187.02352
3485.083382,5187.0148
3487.376577,5187.11641
3489.659616,5187.21259
3491.953128,5187.21604
3494.235205,5187.27205
3496.529489,5187.31882
3498.832224,5187.17004
3501.12650399999,5187.20851
3503.419445,5187.25641
3505.723546,5187.28681
3508.017318,5187.32958
3510.321037,5187.40656
3512.613055,5187.2489
3514.896723,5187.17461
3517.201091,5187.10689
3519.520043,5187.07902
3521.819787,5187.03375
3524.113029,5187.02532
3526.39595299999,5187.06775
3528.6888,5187.03714
3530.986826,5186.87966
3533.275897,5186.76636
3535.568116,5186.88488
3537.872782,5186.95033
3540.15573599999,5187.06845
3542.459844,5187.24869
3544.753231,5187.2314
3547.03532099999,5187.20966
3551.32940499999,5187.08713
3553.611903,5187.08529
3555.905239,5187.07192
3558.192554,5186.92144
3560.50208199999,5186.7818
3562.785994,5186.7745
3565.08868099999,5186.70133
3567.393359,5186.67491
3569.69646399999,5186.68401
3572.00126899999,5186.75794
3574.28379899999,5186.7822
3576.577145,5187.06028
3578.885863,5187.11629
3581.18541,5187.04607
3583.499367,5186.96531
3585.793411,5186.92949
3588.09728799999,5186.95887
3590.406421,5187.07544
3592.69426599999,5187.05541
3594.98697,5187.0107
3597.280939,5187.04027
3599.584587,5187.07515
3601.88882,5187.05807
3604.193161,5187.17566
3606.506974,5187.15845
3608.81220999999,5187.10611
3611.11590899999,5187.08394
3613.40913699999,5187.01108
3615.71311799999,5186.95678
3618.016853,5186.91579
3620.321168,5187.10544
3622.629452,5187.27831
3624.928961,5187.41735
3627.212226,5187.41014
3629.515429,5187.18154
3631.809051,5187.05414
3634.10162,5186.99271
3636.417002,5186.98143
3638.720793,5186.95117
3641.00339399999,5186.99449
3643.30718099999,5186.96903
3645.612039,5187.059
3647.91587,5187.0217
3650.198345,5187.00267
3652.491189,5187.09275
3654.794741,5187.12148
3657.099914,5187.21508
3659.392989,5187.24592
3661.697407,5187.2399
3663.99045,5187.10532
3666.283969,5187.02256
3668.56684599999,5186.9383
3670.859656,5186.91791
3673.174856,5186.92752
3675.477977,5186.9762
3677.771974,5186.94598
3680.05455,5186.91673
3682.34690899999,5186.9917
3684.651995,5186.95923
3686.934123,5187.03377
3689.238231,5187.05405
3691.53163699999,5187.10326
3693.835697,5187.13871
3696.139746,5187.08196
3698.444105,5187.09175
3700.747458,5187.16206
3703.07079499999,5187.15288
3705.356054,5187.06314
3707.659983,5187.10602
3709.963473,5187.1926
3712.267423,5187.09547
3714.571588,5187.01358
3716.87601899999,5187.10301
3719.178557,5187.05421
3721.494972,5186.95121
3723.798981,5186.92393
3726.091959,5186.88208
3728.385057,5186.86917
3730.69943099999,5186.77699
3732.982538,5186.67627
3735.280825,5186.73912
3737.57988999999,5186.81566
3739.88411099999,5186.84365
3742.18780199999,5186.93567
3744.491914,5187.11676
3746.795719,5187.06842
3749.099612,5187.09444
3751.409715,5187.28356
3753.707423,5187.33262
3756.01231299999,5187.33981
3758.315945,5187.26056
3760.598696,5187.18262
3762.90252999999,5187.17041
3765.20718,5187.14914
3767.498742,5187.17119
3769.782108,5187.23667
3772.075922,5187.2196
3774.379893,5187.07585
3778.678811,5186.94269
3780.993039,5186.94395
3783.287083,5187.01779
3785.59497499999,5187.0409
3787.905587,5186.98616
3790.18787899999,5186.91005
3792.47037199999,5186.94151
3794.77475099999,5186.93869
3797.078363,5186.88514
3799.382275,5186.95626
3801.690283,5187.0393
3803.991176,5186.98535
3806.29493099999,5186.97812
3808.609388,5187.14283
3810.881043,5187.30356
3813.184516,5187.18315
3815.478704,5187.11092
3817.784892,5187.00577
3820.08690899999,5186.84159
3822.369121,5186.71927
3824.672987,5186.70696
3826.97774299999,5186.79141
3829.284678,5186.99351
3831.574829,5187.0139
3833.87870699999,5186.96143
3836.171668,5186.91085
3838.455028,5186.86671
3840.7587,5186.82246
3843.063298,5186.86716
3845.371391,5186.94599
3847.671123,5187.07432
3849.97405599999,5187.1036
3852.27875399999,5187.08988
3854.58260699999,5187.03311
3856.886022,5187.16989
3859.191156,5187.21639
3861.49445299999,5187.09978
3863.799105,5186.99007
3866.09456699999,5186.91428
3868.407021,5186.84485
3870.710958,5186.92977
3873.02522099999,5186.85733
3875.29772899999,5186.87894
3877.579424,5186.93381
3879.86287,5187.02632
3882.17119899999,5187.02928
3884.47061799999,5186.96957
3886.785763,5186.84653
3889.089597,5186.79664
3893.388178,5186.75381
3895.681086,5186.75224
3897.974897,5186.85725
3900.277996,5186.85291
3902.582848,5186.82628
3904.886878,5186.81032
3907.19043099999,5186.66976
3909.495175,5186.69324
3911.808531,5186.84786
3914.08150399999,5186.95915
3916.374136,5187.09848
3918.678433,5187.07817
3920.97281299999,5187.00112
3923.285811,5186.93337
3925.56935699999,5186.85008
3927.866658,5186.82772
3930.15564799999,5186.78075
3932.45336499999,5186.91948
3934.753478,5187.03605
3937.04623999999,5187.04043
3939.32908199999,5186.96567
3941.643782,5186.96008
3943.9163,5186.79998
3946.209077,5186.75125
3948.51306699999,5186.80164
3950.79559,5173.74088
3953.09450799999,5121.21206
3955.39802,5052.44365
3957.68369,4989.47241
3959.99956299999,4960.20275
3962.307406,4943.05564
3964.76695299999,4930.72694
3967.110077,4922.37324
3969.4717,4916.35935
3971.762233,4911.58578
3974.227441,4907.38944
3976.526906,4904.40463
3978.825347,4901.72648
3981.10356,4899.51326
3983.403974,4897.5655
3985.71562599999,4895.93965
3988.020184,4894.46526
3990.311476,4893.23152
3992.603021,4892.13845
3994.916837,4891.24563
3997.21211099999,4890.26027
3999.500132,4889.42701
4001.76973199999,4888.60353
4004.078392,4887.99097
4006.363362,4887.54083
4008.68009299999,4887.02929
4010.97186,4886.53793
4013.29895,4886.09223
4015.596728,4885.65713
4017.903088,4885.28984
4020.212521,4884.96778
4022.506233,4884.75791
4024.80939799999,4884.54277
4027.105689,4884.2321
4029.42340499999,4884.0948
4031.72861099999,4884.01319
4034.032173,4883.84966
4036.32888699999,4883.68958
4038.645298,4883.34735
4040.92163299999,4883.13334
4043.229342,4882.96493
4045.530882,4882.82149
4047.835506,4882.60627
4050.130377,4882.43984
4052.40984299999,4882.23582
4056.698125,4882.2527
4058.990315,4882.22559
4061.288005,4882.18445
4063.58976899999,4882.0999
4065.88148599999,4881.85428
4068.176856,4881.8862
4070.48897499999,4881.81663
4072.787325,4881.78128
4075.075483,4881.86635
4077.366278,4881.80903
4079.67296799999,4881.73098
4081.986228,4881.5692
4084.2803,4881.39296
4086.58209999999,4881.1823
4088.880224,4881.04991
4091.16855599999,4881.01616
4093.45529499999,4880.97724
4095.74085399999,4880.96054
4098.033893,4881.02971
4100.32502299999,4881.02427
4102.63429499999,4881.1114
4104.940153,4881.03219
4109.227856,4880.93182
4111.5353,4880.83371
4113.840109,4880.74486
4116.129412,4880.69484
4118.43289099999,4880.55279
4120.747235,4880.53615
4123.042342,4880.52483
4125.350344,4880.47257
4127.644926,4880.45738
4129.930549,4880.46441
4132.222847,4880.42703
4134.54380599999,4880.48535
4136.831764,4880.4054
4139.133208,4880.36578
4141.430241,4880.36984
4143.725805,4880.2874
4146.042844,4879.87266
4150.329326,4879.89631
4152.656249,4879.95944
4154.95479899999,4879.96731
4157.27688699999,4879.8927
4159.572792,4879.84579
4161.87287199999,4879.77528
4164.15676,4879.76403
4166.44886499999,4879.76606
4168.74256,4879.67843
4171.03343499999,4879.54341
4173.325437,4879.47123
4175.62214799999,4879.4563
4177.935933,4879.3612
4180.216213,4879.17673
4182.522209,4879.17756
4184.814349,4879.20224
4187.105197,4879.19957
4189.403235,4879.10511
4191.75541999999,4879.05205
4194.16749299999,4878.99932
4196.531366,4878.93118
4198.82727299999,4878.93855
4201.114946,4879.03167
4203.421543,4879.06964
4205.728921,4879.00782
4208.019628,4878.95453
4210.336377,4878.90875
4212.627285,4878.83448
4214.91765,4878.841
4217.231039,4878.81587
4219.527183,4878.74676
4221.817307,4878.75635
4224.13005199999,4878.80501
4226.42779899999,4878.6517
4228.720326,4878.64979
4231.002373,4878.66955
4233.320179,4878.70838
4235.614363,4878.78574
4237.98204499999,4878.75662
4240.35519199999,4878.66707
4242.713377,4878.50028
4247.016863,4878.42154
4249.31540199999,4878.39374
4251.609761,4878.36895
4253.90948599999,4878.215
4258.206451,4878.19442
4260.484182,4878.10997
4262.7697,4878.09633
4265.056865,4878.11559
4267.357238,4878.05786
4269.649569,4878.00466
4271.945702,4878.03272
4274.242985,4878.04697
4276.544458,4878.00334
4278.844417,4877.83461
4281.134669,4877.79042
4283.45552999999,4877.82934
4285.73581699999,4877.93236
4288.142907,4877.95876
4290.482244,4877.91324
4292.914809,NaN
4297.20541599999,4877.6996
4299.60425799999,4877.52269
4302.0277,4877.43565
4306.367451,4877.4587
4308.661436,4877.4296
4311.01543099999,4877.579
4313.534559,4877.66887
4315.828812,4877.62253
4318.13458499999,4877.65621
4320.41888699999,4877.58537
4322.760785,4877.59046
4325.09894,4877.54762
4327.457195,4877.43562
4329.925215,4877.45975
4332.27527999999,4877.38851
4336.61802,4877.27612
4339.030231,4877.15223
4341.34175099999,4877.07292
4343.63211099999,4877.00422
4345.929002,4877.05205
4348.208686,4877.11906
4350.50325799999,4877.07707
4352.800235,4877.00025
4357.097741,4877.08212
4359.391457,4877.0734
4361.707903,4877.05118
4364.003859,4877.01365
4366.313112,4877.04221
4368.60475499999,4876.99305
4370.919017,4876.96838
4373.19974699999,4876.98363
4375.525347,4877.06045
4377.833283,4877.06999
4380.127786,4877.07579
4382.421885,4877.04492
4384.73258499999,4876.96562
4387.010965,4876.91396
4389.296336,4876.81532
4391.610944,4876.73963
4393.889176,4876.63985
4396.182327,4876.44518
4398.482131,4876.51222
4400.813976,4876.7668
4405.114602,4876.73555
4407.395789,4876.62738
4409.694845,4876.48867
4412.002922,4876.50648
4414.293617,4876.47425
4416.594918,4876.56895
4418.89703399999,4876.60155
4421.19584599999,4876.62342
4423.497709,4876.61161
4425.806351,4876.58584
4428.243146,4876.51291
4430.658834,4876.37858
4433.14281299999,4876.32715
4435.521105,4876.42343
4437.806801,4876.44029
4440.110635,4876.4906
4444.402259,4876.50164
4446.718826,4876.40102
4449.02483199999,4876.37945
4451.327911,4876.39154
4453.637507,4876.32845
4455.944532,4876.3933
4458.230472,4876.40149
4460.534279,4876.36814
4462.82723,4876.45966
4467.123285,4876.39183
4469.41311799999,4876.399
4471.698529,4876.42991
4473.990664,4876.30677
4476.272591,4876.2022
4478.577616,4876.1528
4480.86102299999,4876.13332
4483.154375,4876.2033
4485.445695,4876.33263
4487.746623,4876.35355
4490.044013,4876.34307
4492.340907,4876.30032
4494.63363699999,4876.21819
4496.914033,4876.18859
4499.22305199999,4876.17946
4501.514821,4876.13733
4503.828112,4876.12204
4506.12257799999,4876.14797
4508.416903,4876.28114
4510.72659,4876.27324
4513.025564,4876.16378
4515.306371,4875.99367
4517.60075499999,4875.99335
4519.905944,4876.04135
4522.20676899999,4875.95861
4524.51079499999,4875.9095
4526.80909599999,4875.82668
4529.102517,4875.64573
4531.416962,4875.76702
4533.71457,4875.81172
4536.022786,4875.88439
4538.31560699999,4875.9747
4540.60872,4875.85066
4542.902639,4873.0792
4545.211359,4838.02907
4547.508359,4784.16837
4549.803087,4723.50028
4552.09812899999,4661.81716
4554.380554,4601.80943
4556.694804,4544.51737
4558.97393799999,4490.53693
4561.288179,4440.08109
4563.559436,4393.29227
4565.842749,4348.98598
4568.14225099999,4307.33776
4570.446673,4268.24954
4572.753995,4231.19529
4575.04135399999,4196.3418
4577.357489,4163.06988
4579.66069199999,4131.60841
4581.976544,4101.55101
4584.268103,4072.95965
4586.574233,4045.58571
4588.897506,4019.18844
4591.19202299999,3994.208
4593.503874,3970.16834
4595.790509,3947.16323
4598.075737,3924.95685
4600.365248,3903.59779
4602.67265899999,3883.05353
4604.97394899999,3863.1627
4607.270598,3844.11119
4609.566103,3825.73799
4611.87042699999,3807.89022
4614.163899,3790.67996
4616.463173,3774.01065
4618.77266599999,3757.84829
4621.07072499999,3742.27631
4623.377759,3727.22497
4625.656683,3712.7576
4627.95086499999,3698.60458
4630.269393,3684.8277
4632.554326,3671.60915
4634.858901,3658.70459
4637.149439,3646.23527
4639.44937899999,3623.86894
4643.735724,3612.42947
4646.042224,3601.31224
4648.332274,3590.60766
4650.62273,3580.14624
4652.912625,3570.01285
4655.22022,3560.09519
4657.50098999999,3550.58981
4659.802598,3541.20102
4662.11818,3532.07136
4664.41151499999,3523.17424
4666.715359,3514.46305
4669.015271,3506.04853
4671.322032,3497.84334
4673.634059,3489.89591
4675.91829,3482.24089
4678.199151,3474.57445
4680.50891999999,3467.12092
4682.824991,3459.9454
4685.1098,3452.98849
4687.398399,3446.03007
4689.695058,3439.29473
4691.98818799999,3432.68859
4694.282076,3426.30643
4696.601505,3419.95833
4698.901437,3413.83143
4701.291529,3407.69706
4703.577844,3402.0146
4705.89393499999,3396.24158
4708.208785,3390.5859
4710.484062,3385.09229
4712.77639799999,3379.7292
4715.069808,3374.54164
4717.353889,3369.48
4719.79511499999,3364.1944
4722.089329,3359.4406
4724.37757099999,3354.71065
4726.66959599999,3349.98446
4728.952146,3345.31688
4731.267083,3340.68431
4733.556116,NaN
4739.85541,3324.33681
4742.157537,3320.15724
4744.439173,3316.13023
4746.741406,3312.17435
4749.041381,3308.30294
4751.337257,3304.49049
4753.630988,3300.71037
4755.940113,3296.96049
4758.241249,3293.26218
4760.53387599999,3289.61843
4762.818065,3286.07744
4765.11145699999,3282.5478
4767.39700399999,3279.08389
4769.710565,3275.65612
4772.00256,3272.33856
4774.30714799999,3268.9975
4776.604101,3265.75297
4778.888441,3262.56546
4781.173315,3259.42691
4783.467972,3256.28862
4785.75675099999,3253.12725
4788.039675,3250.05716
4790.353444,3247.03344
4792.645845,3241.61893
4796.929204,3238.76405
4799.222665,3235.98746
4801.51477999999,3233.14918
4803.817816,3230.34931
4806.109123,3227.53529
4808.402864,3224.83569
4810.692461,3222.14063
4813.00543799999,3219.55557
4815.298022,3216.99093
4817.588631,3214.51746
4819.895326,3212.0041
4822.186924,3209.5654
4824.470408,3207.09357
4826.778837,3204.62196
4829.073428,3202.19682
4831.368097,3199.76016
4833.659164,3197.40654
4835.93702,NaN
4842.256742,3188.75897
4844.635662,3186.41047
4847.015895,3184.19946
4849.393382,3181.92124
4851.679822,3179.75403
4854.07547499999,3177.45579
4856.399147,3175.29605
4858.694695,3173.04544
4861.013601,3170.89127
4863.291711,3168.79953
4865.57284599999,3166.67493
